query,ref
00001-20-0002_1.png,B240204.png
00001-20-0003_1.png,B229599.png
00001-20-0003_1.png,B231565.png
00001-20-0003_1.png,B258790.png
00001-20-0003_1.png,B232011.png
00001-20-0006_1.png,B268055.png
00001-20-0007_1.png,B270269.png
00001-20-0008_1.png,B265225.png
00001-20-0008_2.png,B265225.png
20-124 경기남부지방청3-1.png,B00166.png
20-124 경기남부지방청3-1.png,B211505.png
20-124 경기남부지방청4-1.png,B00166.png
20-124 경기남부지방청4-1.png,B211505.png
20-124 경기남부지방청5-1.png,B211505.png
20-124 경기남부지방청5-1.png,B00166.png
20-124 경기남부지방청6-1.png,B00166.png
20-124 경기남부지방청6-1.png,B211505.png
20-124 경기남부지방청7-1.png,B00166.png
20-124 경기남부지방청7-1.png,B211505.png
20-124 경기남부지방청1-1.png,B00166.png
20-124 경기남부지방청1-1.png,B211505.png
00001-20-0016_1.png,B240479.png
00001-20-0016_1.png,B243957.png
00001-20-0016_1.png,B248145.png
00001-20-0020_1.png,B250273.png
00001-20-0021_1.png,B224542.png
20-136 전남지방청2.png,B263540.png
00001-20-0025_1.png,B245773.png
00001-20-0026_1.png,B253563.png
00001-20-0028_1.png,B2551162.png
00001-20-0035_1.png,B248381.png
00001-20-0038_1.png,B267441.png
20-154 전북지방청1.png,B210027.png
20-154 전북지방청1.png,B259019.png
20-154 전북지방청1.png,B250656.png
20-154 전북지방청1.png,B248130.png
20-154 전북지방청1.png,B232924.png
20-154 전북지방청1.png,B224429.png
20-154 전북지방청1.png,B220368.png
20-154 전북지방청1.png,B207302.png
20-154 전북지방청1.png,B250938.png
20-154 전북지방청1.png,B247932.png
00001-20-0042_1.png,B248982.png
00001-20-0043_1.png,B267736.png
00001-20-0044_1.png,B247380.png
00001-20-0044_1.png,B246509.png
00001-20-0044_2.png,B246509.png
00001-20-0044_2.png,B247380.png
00001-20-0054_1.png,B259023.png
00001-20-0054_1.png,B251073.png
00001-20-0054_1.png,B246782.png
00001-20-0055_2.png,B245812.png
00001-20-0058_1.png,B246509.png
00001-20-0058_1.png,B247380.png
00001-20-0060_1.png,B252378.png
00001-20-0061_1.png,B247744.png
00001-20-0061_1.png,B252611.png
00001-20-0061_1.png,B253912.png
00001-20-0061_1.png,B264753.png
00001-20-0063_1.png,B248390.png
00001-20-0063_1.png,B242306.png
00001-20-0063_2.png,B242306.png
00001-20-0063_2.png,B248390.png
00001-20-0063_3.png,B248390.png
00001-20-0063_3.png,B242306.png
00001-20-0063_4.png,B242306.png
00001-20-0063_4.png,B248390.png
00001-20-0065_1.png,B265925.png
00001-20-0066_1.png,B269096.png
00001-20-0067_1.png,B243890.png
00001-20-0067_2.png,B243890.png
00001-20-0068_1.png,B246376.png
00001-20-0068_1.png,B246670.png
00001-20-0068_1.png,B247677.png
00001-20-0068_1.png,B233330.png
00001-20-0070_1.png,B265745.png
00001-20-0071_1.png,B262052.png
00001-20-0071_1.png,B250463.png
00001-20-0073_1.png,B248143.png
00001-20-0074_1.png,B234629.png
00001-20-0075_1.png,B264314.png
00001-20-0075_2.png,B264314.png
00001-20-0079_1.png,B270102.png
00001-20-0079_1.png,B248280.png
00001-20-0079_1.png,B225177.png
00001-20-0079_1.png,B210912.png
00001-20-0079_1.png,B00649.png
00001-20-0084_1.png,B244305.png
00001-20-0084_1.png,B253000.png
00001-20-0084_1.png,B239927.png
00001-20-0084_2.png,B239927.png
00001-20-0084_2.png,B244305.png
00001-20-0084_2.png,B253000.png
00001-20-0084_3.png,B253000.png
00001-20-0084_3.png,B244305.png
00001-20-0084_3.png,B239927.png
00001-20-0086_1.png,B270586.png
00001-20-0087_1.png,B270586.png
00001-20-0377_1.png,B228279.png
00001-20-0377_1.png,B236333.png
00001-20-0379_1.png,B208000.png
00001-20-0379_1.png,B209248.png
00001-20-0379_1.png,B209267.png
00001-20-0379_1.png,B211961.png
00001-20-0379_1.png,B236745.png
00001-20-0382_1.png,B244649.png
00001-20-0382_1.png,B248730.png
00001-20-0382_1.png,B259808.png
00001-20-0382_1.png,B244649.png
00001-20-0382_1.png,B248730.png
00001-20-0384_1.png,B238995.png
00001-20-0385_1.png,B251104.png
20-490 서울지방청.png,B271735.png
00001-20-0387_1.png,B265666.png
00001-20-0387_2.png,B265666.png
00001-20-0387_3.png,B265666.png
00001-20-0387_4.png,B265666.png
00001-20-0388_1.png,B256538.png
00001-20-0388_2.png,B256538.png
00001-21-0001_1.png,B259808.png
00001-21-0004_1.png,B269852.png
00001-21-0004_2.png,B269852.png
00001-21-0005_1.png,B261088.png
00001-21-0006_1.png,B268710.png
00001-21-0007_1.png,B270346.png
00001-21-0007_1.png,B269082.png
00001-21-0007_1.png,B270346.png
00001-21-0007_2.png,B270346.png
00001-21-0007_2.png,B269082.png
00001-21-0009_1.png,B270217.png
00001-21-0009_1.png,B269338.png
00001-21-0014_1.png,B248389.png
00001-21-0014_1.png,B264288.png
00001-21-0015_1.png,B243673.png
00001-21-0015_1.png,B246247.png
00001-21-0015_1.png,B263084.png
00001-21-0015_1.png,B237729.png
00001-21-0015_1.png,B236527.png
00001-21-0015_1.png,B233835.png
00001-21-0016_1.png,B251025.png
00001-21-0017_1.png,B266626.png
00001-21-0017_2.png,B266626.png
00001-21-0018_1.png,B266257.png
00001-21-0020_1.png,B239056.png
00001-21-0020_1.png,B211264.png
00001-21-0020_1.png,B264288.png
00001-21-0022_1.png,B272694.png
00001-20-0091_1.png,B270673.png
00001-20-0092_1.png,B257011.png
00001-20-0093_1.png,B224542.png
00001-20-0096_1.png,B270673.png
00001-20-0097_1.png,B227250.png
00001-20-0231_1.png,B248389.png
00001-20-0231_1.png,B259808.png
00001-20-0231_1.png,B264288.png
00001-20-0231_1.png,B248730.png
00001-20-0231_1.png,B244649.png
00001-20-0232_1.png,B257867.png
00001-20-0234_1.png,B270483.png
00001-20-0237_1.png,B210563.png
00001-20-0239_1.png,B251162.png
00001-20-0239_2.png,B253975.png
00001-20-0239_2.png,B242489.png
00001-20-0239_2.png,B245800.png
00001-20-0239_2.png,B231831.png
00001-20-0242_1.png,B224542.png
00001-20-0242_1.png,B263964.png
00001-20-0243_1.png,B224556.png
00001-20-0244_1.png,B238654.png
00001-20-0244_1.png,B241735.png
00001-20-0245_1.png,B264288.png
00001-20-0245_1.png,B244649.png
00001-20-0245_1.png,B248730.png
00001-20-0247_1.png,B223431.png
00001-20-0247_1.png,B245825.png
00001-20-0247_1.png,B232668.png
00001-20-0247_2.png,B232668.png
00001-20-0247_2.png,B245825.png
00001-20-0247_2.png,B223431.png
00001-20-0249_1.png,B270817.png
00001-20-0253_1.png,B268070.png
20-362 광주지방청.png,B264926.png
20-362 광주지방청.png,B255039.png
20-362 광주지방청.png,B255197.png
20-362 광주지방청.png,B255039.png
00001-20-0257_1.png,B245632.png
00001-20-0259_1.png,B223303.png
00001-20-0260_1.png,B258570.png
00001-20-0260_1.png,B265520.png
00001-20-0260_1.png,B209959.png
00001-20-0261_1.png,B270500.png
00001-20-0262_1.png,B269263.png
00001-20-0262_1.png,B237118.png
00001-20-0262_1.png,B236775.png
00001-20-0262_1.png,B270678.png
00001-20-0262_2.png,B270678.png
00001-20-0262_2.png,B237118.png
00001-20-0262_2.png,B269263.png
00001-20-0262_2.png,B236775.png
00001-20-0262_2.png,B269263.png
00001-20-0262_2.png,B270678.png
00001-20-0262_2.png,B237118.png
00001-20-0263_1.png,B240116.png
00001-20-0263_1.png,B270136.png
00001-20-0264_1.png,B228389.png
00001-20-0265_1.png,B260579.png
00001-20-0265_1.png,B252241.png
00001-20-0265_1.png,B258839.png
00001-20-0265_1.png,B259751.png
20-380 경기남부지방청1-1.png,B271735.png
20-380 경기남부지방청2-1.png,B271735.png
20-380 경기남부지방청3-1.png,B271735.png
00001-20-0275_1.png,B209137.png
00001-20-0275_1.png,B223873.png
00001-20-0277_1.png,B264538.png
00001-20-0279_1.png,B270483.png
00001-20-0281_1.png,B234095.png
00001-20-0281_1.png,B227715.png
00001-20-0281_1.png,B232008.png
00001-20-0283_1.png,B249935.png
00001-20-0286_1.png,B270274.png
00001-20-0288_1.png,B256903.png
00001-20-0289_1.png,B208420.png
00001-20-0290_1.png,B252193.png
00001-20-0290_2.png,B252193.png
00001-20-0290_3.png,B252193.png
00001-20-0290_4.png,B252193.png
00001-20-0292_1.png,B268490.png
00001-20-0293_1.png,B233261.png
00001-20-0293_1.png,B265795.png
00001-20-0295_1.png,B265500.png
20-401 경기남부지방청1-1.png,B229597.png
00001-20-0297_1.png,B255197.png
00001-20-0297_1.png,B255039.png
00001-20-0297_2.png,B242699.png
00001-20-0301_1.png,B271630.png
00001-20-0302_1.png,B248562.png
00001-20-0303_1.png,B262820.png
00001-20-0303_1.png,B262820.png
00001-20-0304_1.png,B251706.png
00001-20-0308_2.png,B265666.png
20-418 경기남부지방청1.png,B269384.png
20-418 경기남부지방청1.png,B260579.png
20-418 경기남부지방청1.png,B259751.png
00001-20-0314_1.png,B251706.png
00001-20-0316_1.png,B266084.png
00001-20-0319_1.png,B258254.png
00001-20-0321_1.png,B264538.png
00001-20-0321_1.png,B264538.png
00001-20-0324_1.png,B224710.png
00001-20-0324_2.png,B224710.png
00001-20-0325_1.png,B271735.png
00001-20-0325_2.png,B271735.png
20-432 경기남부지방청1.png,B261717.png
20-432 경기남부지방청2.png,B261717.png
00001-20-0327_1.png,B251004.png
00001-20-0328_1.png,B270825.png
00001-20-0329_1.png,B269703.png
00001-20-0332_1.png,B250294.png
00001-20-0332_1.png,B242473.png
00001-20-0332_1.png,B242165.png
00001-20-0334_1.png,B270963.png
00001-20-0335_1.png,B248043.png
00001-20-0335_1.png,B217388.png
00001-20-0335_1.png,B234258.png
00001-20-0336_1.png,B205467.png
00001-20-0340_1.png,B234105.png
00001-20-0340_2.png,B234105.png
00001-20-0341_1.png,B248280.png
00001-20-0341_1.png,B270102.png
00001-20-0341_1.png,B263566.png
00001-20-0341_2.png,B261107.png
00001-20-0341_2.png,B240129.png
00001-20-0341_2.png,B217682.png
00001-20-0342_2.png,B228209.png
00001-20-0343_1.png,B269262.png
00001-20-0343_2.png,B254971.png
00001-20-0348_1.png,B265881.png
00001-20-0349_1.png,B241704.png
00001-20-0349_1.png,B260021.png
00001-20-0350_1.png,B255913.png
00001-20-0350_1.png,B258549.png
00001-20-0350_2.png,B255913.png
00001-20-0350_2.png,B258549.png
00001-20-0351_1.png,B247911.png
20-456 경기남부지방청1-1.png,B262820.png
20-456 경기남부지방청1-1.png,B242981.png
20-456 경기남부지방청1-1.png,B262820.png
20-456 경기남부지방청2-1.png,B262820.png
20-456 경기남부지방청2-1.png,B242981.png
20-456 경기남부지방청3-1.png,B262820.png
20-456 경기남부지방청3-1.png,B242981.png
20-456 경기남부지방청4-1.png,B244824.png
00001-20-0353_1.png,B262820.png
00001-20-0356_1.png,B211757.png
00001-20-0356_2.png,B211757.png
00001-20-0357_1.png,B269010.png
00001-20-0360_1.png,B267027.png
00001-20-0361_1.png,B260573.png
20-468 충남지방청1-1.png,B235001.png
00001-20-0365_1.png,B270975.png
00001-20-0370_1.png,B251592.png
00001-20-0375_1.png,B271735.png
20-480 경기남부지방청1(현장).png,B263964.png
20-480 경기남부지방청1(현장).png,B224542.png
00001-20-0098_1.png,B270673.png
00001-20-0099_1.png,B253109.png
00001-20-0099_2.png,B253109.png
00001-20-0113_1.png,B248143.png
00001-20-0114_1.png,B224542.png
00001-20-0114_1.png,B263964.png
00001-20-0114_1.png,B224542.png
00001-20-0116_1.png,B270673.png
00001-20-0118_1.png,B251162.png
00001-20-0120_1.png,B269289.png
00001-20-0122_1.png,B261987.png
00001-20-0124_1.png,B248101.png
00001-20-0124_1.png,B246836.png
00001-20-0124_1.png,B241292.png
00001-20-0124_1.png,B224097.png
00001-20-0125_1.png,00001-20-0125_1.png
00001-20-0126_1.png,00001-20-0126_1.png
00001-20-0130_3.png,00001-20-0130_3.png
00001-20-0130_3.png,00001-20-0130_3.png
00001-20-0132_2.png,00001-20-0132_2.png
00001-20-0133_1.png,00001-20-0133_1.png
00001-20-0135_1.png,00001-20-0135_1.png
00001-20-0135_1.png,00001-20-0135_1.png
00001-20-0135_1.png,00001-20-0135_1.png
00001-20-0135_1.png,00001-20-0135_1.png
00001-20-0135_1.png,00001-20-0135_1.png
00001-20-0138_1.png,00001-20-0138_1.png
00001-20-0138_1.png,00001-20-0138_1.png
00001-20-0138_1.png,00001-20-0138_1.png
00001-20-0138_1.png,00001-20-0138_1.png
00001-20-0138_1.png,00001-20-0138_1.png
00001-20-0138_1.png,00001-20-0138_1.png
00001-20-0139_1.png,00001-20-0139_1.png
00001-20-0139_1.png,00001-20-0139_1.png
00001-20-0139_1.png,00001-20-0139_1.png
00001-20-0139_1.png,00001-20-0139_1.png
00001-20-0141_1.png,00001-20-0141_1.png
00001-20-0142_1.png,00001-20-0142_1.png
00001-20-0142_10.png,00001-20-0142_10.png
00001-20-0142_11.png,00001-20-0142_11.png
00001-20-0142_2.png,00001-20-0142_2.png
00001-20-0142_3.png,00001-20-0142_3.png
00001-20-0142_4.png,00001-20-0142_4.png
00001-20-0142_5.png,00001-20-0142_5.png
00001-20-0142_6.png,00001-20-0142_6.png
00001-20-0142_7.png,00001-20-0142_7.png
00001-20-0142_8.png,00001-20-0142_8.png
00001-20-0142_9.png,00001-20-0142_9.png
00001-20-0145_1.png,00001-20-0145_1.png
00001-20-0145_2.png,00001-20-0145_2.png
00001-20-0147_1.png,B263019.png
00001-20-0148_1.png,B249806.png
00001-20-0148_2.png,B249806.png
00001-20-0148_3.png,B249806.png
00001-20-0150_1.png,B266626.png
20-263 경기남부지방청1-1.png,B251716.png
20-263 경기남부지방청2-1.png,B251716.png
20-263 경기남부지방청3-1.png,B245497.png
00001-20-0156_3.png,B268787.png
00001-20-0164_1.png,B268810.png
00001-20-0165_1.png,B269596.png
00001-20-0166_1.png,B258374.png
00001-20-0166_2.png,B258374.png
00001-20-0167_1.png,B266626.png
00001-20-0168_2.png,B228293.png
00001-20-0170_1.png,B241704.png
00001-20-0170_1.png,B260021.png
00001-20-0171_1.png,B257634.png
00001-20-0173_1.png,B264343.png
00001-20-0175_1.png,B264582.png
00001-20-0175_1.png,B270273.png
00001-20-0175_1.png,B267456.png
00001-20-0177_1.png,B257634.png
20-274 여주경찰서1.png,B270273.png
20-274 여주경찰서2.png,B270273.png
20-274 여주경찰서5.png,B270273.png
00001-20-0180_1.png,B228279.png
00001-20-0180_2.png,B251162.png
00001-20-0182_1.png,B269096.png
00001-20-0183_1.png,B242790.png
00001-20-0183_1.png,B248145.png
00001-20-0183_1.png,B243957.png
00001-20-0183_1.png,B240479.png
00001-20-0183_1.png,B243957.png
00001-20-0184_1.png,B207105.png
00001-20-0184_1.png,B251162.png
21-024 전남경찰청.png,B269596.png
21-025 경기남부경찰청1-1.png,B269655.png
00001-21-0029_1.png,B225211.png
00001-21-0029_1.png,B238675.png
00001-21-0029_1.png,B248928.png
00001-21-0030_1.png,B265562.png
00001-21-0031_1.png,B205403.png
00001-21-0031_2.png,B205403.png
00001-21-0035_1.png,B241959.png
00001-21-0035_2.png,B241959.png
00001-21-0036_1.png,B260364.png
00001-21-0036_2.png,B260364.png
00001-21-0041_1.png,B264582.png
00001-21-0041_1.png,B266301.png
00001-21-0041_1.png,B270273.png
00001-21-0041_1.png,B267456.png
00001-21-0042_1.png,B263964.png
00001-21-0042_1.png,B224542.png
00001-21-0043_1.png,B267094.png
00001-21-0043_1.png,B267094.png
21-043 대전경찰청.png,B233261.png
21-043 대전경찰청.png,B263093.png
21-043 대전경찰청.png,B265795.png
21-043 대전경찰청.png,B268967.png
00001-21-0046_1.png,B223291.png
21-044 대구경찰청2.png,B223291.png
21-044 대구경찰청3.png,B223291.png
00001-21-0047_1.png,B265500.png
00001-21-0047_3.png,B264687.png
00001-21-0049_3.png,B264391.png
00001-21-0050_1.png,B262837.png
00001-21-0050_1.png,B269390.png
00001-21-0052_1.png,B258767.png
00001-21-0052_2.png,B258767.png
00001-21-0052_3.png,B258767.png
00001-21-0053_1.png,B265666.png
00001-21-0060_1.png,B269596.png
21-058 경기남부경찰청1.png,B272818.png
21-058 경기남부경찰청2.png,B272818.png
21-058 경기남부경찰청3.png,B272818.png
00001-21-0062_1.png,B231029.png
00001-21-0063_2.png,B268787.png
00001-21-0069_1.png,B256596.png
00001-21-0069_1.png,B262546.png
00001-21-0071_1.png,B272094.png
00001-21-0072_1.png,B272944.png
00001-21-0075_1.png,B211260.png
00001-21-0075_1.png,B270763.png
00001-21-0076_1.png,B272094.png
00001-21-0077_1.png,B272094.png
00001-21-0078_1.png,B261323.png
00001-21-0079_1.png,B268769.png
00001-21-0079_2.png,B268769.png
00001-21-0079_3.png,B268769.png
00001-21-0080_1.png,B210654.png
00001-21-0080_1.png,B256102.png
00001-21-0080_1.png,B260146.png
00001-21-0080_1.png,B210057.png
00001-21-0080_2.png,B210654.png
00001-21-0080_2.png,B208950.png
00001-21-0080_2.png,B260146.png
00001-21-0080_3.png,B256102.png
00001-21-0080_3.png,B260146.png
00001-21-0080_3.png,B208950.png
00001-21-0080_3.png,B210654.png
00001-21-0081_1.png,B256102.png
00001-21-0081_1.png,B260146.png
00001-21-0081_1.png,B210654.png
00001-21-0081_1.png,B210057.png
00001-21-0082_1.png,B248562.png
21-081 경기남부경찰청.png,B211218.png
00001-21-0085_1.png,B272945.png
00001-21-0086_1.png,B243670.png
00001-21-0086_1.png,B257966.png
00001-21-0087_1.png,B271220.png
00001-21-0087_2.png,B271220.png
00001-21-0088_1.png,B267389.png
00001-21-0089_1.png,B263784.png
00001-21-0089_2.png,B263784.png
00001-21-0089_3.png,B263784.png
00001-21-0092_1.png,B266122.png
00001-21-0093_1.png,B244351.png
00001-21-0093_1.png,B268999.png
00001-21-0093_1.png,B228290.png
00001-21-0093_1.png,B244063.png
00001-21-0093_1.png,B260006.png
00001-21-0097_2.png,B269655.png
00001-21-0101_1.png,B269096.png
00001-21-0102_1.png,B268274.png
00001-21-0103_1.png,B263784.png
00001-21-0105_1.png,B261289.png
00001-21-0105_1.png,B246026.png
00001-21-0105_1.png,B223492.png
00001-21-0105_1.png,B220312.png
00001-21-0105_1.png,B271073.png
00001-21-0107_1.png,B266053.png
21-104 경기남부경찰청.png,B272947.png
00001-21-0109_2.png,B256203.png
00001-21-0109_2.png,B240124.png
00001-21-0109_2.png,B268356.png
00001-21-0109_2.png,B253561.png
00001-21-0109_2.png,B252181.png
00001-21-0109_2.png,B249329.png
00001-21-0112_1.png,B248240.png
00001-21-0112_1.png,B245594.png
00001-21-0113_1.png,B227942.png
00001-21-0113_2.png,B227942.png
00001-21-0113_3.png,B227942.png
21-109 경남경찰청3.png,B227942.png
21-109 경남경찰청4.png,B266655.png
00001-21-0115_1.png,B243251.png
00001-21-0119_1.png,B261526.png
00001-21-0121_1.png,B271735.png
00001-21-0124_1.png,B269655.png
00001-21-0125_1.png,B273075.png
00001-21-0125_2.png,B273075.png
00001-21-0126_1.png,B272508.png
00001-21-0126_1.png,B248280.png
00001-21-0126_1.png,B270102.png
00001-21-0127_1.png,B270222.png
00001-21-0127_5.png,B270222.png
21-124 제주해양경찰청1-1.png,B224542.png
21-124 제주해양경찰청1-1.png,B263964.png
21-124 제주해양경찰청1-1.png,B224542.png
21-124 제주해양경찰청1-1.png,B263964.png
21-125 전북경찰청1-1.png,B207061.png
00001-21-0132_1.png,B250776.png
00001-21-0135_1.png,B249943.png
00001-21-0135_2.png,B249943.png
00001-21-0136_1.png,B249943.png
00001-21-0137_1.png,B269596.png
00001-21-0139_1.png,B257784.png
00001-21-0139_1.png,B261289.png
00001-21-0139_1.png,B261490.png
00001-21-0139_1.png,B271073.png
00001-21-0139_1.png,B261289.png
00001-21-0139_1.png,B261490.png
00001-21-0139_1.png,B271073.png
00001-21-0139_2.png,B271073.png
00001-21-0139_2.png,B261490.png
00001-21-0139_2.png,B261289.png
00001-21-0139_2.png,B257784.png
00001-21-0139_3.png,B237953.png
00001-21-0139_3.png,B257784.png
00001-21-0139_3.png,B261490.png
00001-21-0139_3.png,B271073.png
00001-21-0139_4.png,B261490.png
00001-21-0139_4.png,B257784.png
00001-21-0139_4.png,B252848.png
00001-21-0139_4.png,B232378.png
00001-21-0139_4.png,B217465.png
00001-21-0139_4.png,B271073.png
00001-21-0139_4.png,B261490.png
00001-21-0139_4.png,B257784.png
00001-21-0139_4.png,B237953.png
00001-21-0139_5.png,B271073.png
00001-21-0139_5.png,B232378.png
00001-21-0139_5.png,B261289.png
00001-21-0139_5.png,B217465.png
00001-21-0139_5.png,B220312.png
00001-21-0144_1.png,B269596.png
00001-21-0147_1.png,B241942.png
00001-21-0147_1.png,B241942.png
00001-21-0149_1.png,B241780.png
00001-21-0149_2.png,B263566.png
00001-21-0149_3.png,B263566.png
00001-21-0150_1.png,B270615.png
00001-21-0150_2.png,B270615.png
00001-21-0151_1.png,B273094.png
00001-21-0152_1.png,B248145.png
00001-21-0152_1.png,B243957.png
00001-21-0152_1.png,B240479.png
00001-21-0152_1.png,B248145.png
00001-21-0152_1.png,B243957.png
00001-21-0154_1.png,B269596.png
00001-21-0154_2.png,B269596.png
00001-21-0154_3.png,B269596.png
00001-21-0154_4.png,B269596.png
00001-21-0154_5.png,B269596.png
00001-21-0154_6.png,B269596.png
00001-21-0157_1.png,B261395.png
00001-21-0157_2.png,B261395.png
00001-21-0158_1.png,B249943.png
00001-21-0161_1.png,B273097.png
00001-21-0162_1.png,B273096.png
00001-21-0165_1.png,B273099.png
00001-21-0165_2.png,B273099.png
00001-21-0165_3.png,B273099.png
00001-21-0166_1.png,B273101.png
00001-21-0166_2.png,B273101.png
00001-21-0166_3.png,B273101.png
00001-21-0166_4.png,B273101.png
00001-21-0168_1.png,B269832.png
00001-21-0171_1.png,B248512.png
00001-21-0172_1.png,B262605.png
00001-21-0172_1.png,B269263.png
00001-21-0172_2.png,B262605.png
00001-21-0172_2.png,B269263.png
00001-21-0173_1.png,B222884.png
00001-21-0173_1.png,B257050.png
00001-21-0173_2.png,B257050.png
00001-21-0173_2.png,B222884.png
00001-21-0176_1.png,B269542.png
00001-21-0176_2.png,B269542.png
00001-21-0176_3.png,B269542.png
00001-21-0178_1.png,B271630.png
00001-21-0179_1.png,B257191.png
00001-21-0180_2.png,B263964.png
00001-21-0182_1.png,B263566.png
00001-21-0182_2.png,B263566.png
00001-21-0183_1.png,B271950.png
00001-21-0183_2.png,B271950.png
00001-21-0183_3.png,B271950.png
00001-20-0188_1.png,B265264.png
00001-20-0188_1.png,B256290.png
00001-20-0188_1.png,B248073.png
00001-20-0188_1.png,B269058.png
00001-20-0188_2.png,B248073.png
00001-20-0188_2.png,B256290.png
00001-20-0188_2.png,B265264.png
00001-20-0188_2.png,B269058.png
00001-20-0190_1.png,B251377.png
00001-20-0192_1.png,B248464.png
00001-20-0192_2.png,B248464.png
00001-20-0193_1.png,B250350.png
00001-20-0193_1.png,B245326.png
00001-20-0196_1.png,B269096.png
00001-20-0197_1.png,B246421.png
00001-20-0197_1.png,B252642.png
00001-20-0198_1.png,B211260.png
00001-20-0198_1.png,B270763.png
00001-20-0201_1.png,B256410.png
00001-20-0201_1.png,B253440.png
00001-20-0201_1.png,B245462.png
00001-20-0201_1.png,B246463.png
00001-20-0201_1.png,B240062.png
00001-20-0201_2.png,B245462.png
00001-20-0201_2.png,B246463.png
00001-20-0201_2.png,B253440.png
00001-20-0201_2.png,B256410.png
00001-20-0201_2.png,B240062.png
00001-20-0206_1.png,B224542.png
00001-20-0206_1.png,B263964.png
00001-20-0206_2.png,B224542.png
00001-20-0206_2.png,B263964.png
00001-20-0206_3.png,B263964.png
00001-20-0206_3.png,B224542.png
00001-20-0206_4.png,B263964.png
00001-20-0206_4.png,B224542.png
00001-20-0209_1.png,B265666.png
00001-20-0209_2.png,B265666.png
00001-20-0217_1.png,B244824.png
00001-20-0218_1.png,B246654.png
00001-20-0222_1.png,B260751.png
00001-20-0223_1.png,B216272.png
00001-20-0225_1.png,B240582.png
00001-20-0225_1.png,B223872.png
00001-20-0226_1.png,B258861.png
20-333 제주지방청2.png,B258861.png
00001-20-0229_1.png,B269058.png
00001-20-0229_1.png,B265264.png
00001-20-0229_1.png,B256290.png
00001-20-0229_1.png,B248073.png
00001-20-0230_1.png,B256290.png
00001-20-0230_1.png,B269058.png
00001-20-0230_1.png,B265264.png
00001-20-0230_1.png,B248073.png
00001-21-0185_1.png,B214457.png
00001-21-0185_4.png,B264351.png
00001-21-0185_4.png,B265776.png
00001-21-0185_6.png,B241921.png
00001-21-0186_1.png,B266375.png
00001-21-0187_1.png,B263566.png
00001-21-0187_2.png,B263566.png
00001-21-0189_1.png,B209137.png
00001-21-0189_1.png,B221489.png
00001-21-0189_1.png,B223873.png
00001-21-0190_1.png,B231960.png
00001-21-0190_2.png,B231960.png
00001-21-0191_1.png,B270704.png
00001-21-0192_1.png,B272488.png
00001-21-0193_1.png,B245858.png
00001-21-0193_2.png,B245858.png
00001-21-0194_1.png,B270123.png
00001-21-0197_1.png,B260309.png
00001-21-0197_2.png,B260309.png
00001-21-0198_1.png,B245442.png
00001-21-0198_1.png,B265878.png
00001-21-0198_1.png,B241919.png
00001-21-0200_1.png,B224542.png
00001-21-0203_1.png,B257694.png
00001-21-0203_1.png,B222691.png
00001-21-0203_1.png,B229171.png
00001-21-0203_1.png,B272818.png
00001-21-0203_1.png,B229189.png
00001-21-0209_1.png,B241497.png
00001-21-0209_1.png,B238763.png
00001-21-0209_1.png,B247982.png
00001-21-0209_1.png,B268069.png
00001-21-0210_1.png,B269541.png
00001-21-0210_2.png,B269541.png
00001-21-0212_1.png,B252910.png
00001-21-0212_1.png,B256148.png
00001-21-0214_1.png,B249939.png
00001-21-0215_1.png,B228279.png
00001-21-0216_1.png,B240479.png
00001-21-0216_1.png,B248145.png
00001-21-0216_1.png,B243957.png
00001-21-0216_1.png,B242790.png
00001-21-0217_1.png,B270481.png
00001-21-0219_1.png,B269058.png
00001-21-0221_1.png,B264926.png
00001-21-0221_1.png,B263962.png
00001-21-0221_1.png,B255197.png
00001-21-0221_1.png,B255039.png
00001-21-0222_1.png,B263964.png
00001-21-0222_2.png,B263964.png
00001-21-0226_1.png,B269256.png
00001-21-0227_1.png,B251244.png
00001-21-0227_1.png,B240698.png
00001-21-0227_2.png,B270456.png
00001-21-0227_3.png,B270456.png
00001-21-0228_1.png,B231960.png
00001-21-0229_1.png,B257385.png
00001-21-0229_1.png,B268954.png
00001-21-0229_1.png,B270918.png
00001-21-0229_2.png,B257385.png
00001-21-0229_2.png,B268954.png
00001-21-0229_2.png,B270918.png
00001-21-0231_1.png,B209137.png
00001-21-0231_1.png,B266505.png
00001-21-0231_1.png,B259941.png
00001-21-0231_1.png,B258478.png
00001-21-0231_1.png,B236532.png
00001-21-0234_1.png,B222884.png
00001-21-0234_1.png,B244479.png
00001-21-0234_1.png,B257050.png
00001-21-0235_1.png,B249939.png
00001-21-0236_1.png,B266692.png
00001-21-0236_2.png,B266692.png
21-233 경북경찰청.png,B243774.png
00001-21-0239_1.png,B271728.png
00001-21-0239_1.png,B262010.png
00001-21-0241_1.png,B228279.png
00001-21-0243_1.png,B224542.png
00001-21-0243_1.png,B263964.png
00001-21-0243_2.png,B224542.png
00001-21-0243_2.png,B263964.png
00001-21-0243_3.png,B224542.png
00001-21-0243_3.png,B263964.png
00001-21-0243_4.png,B224542.png
00001-21-0243_4.png,B263964.png
21-238 서울경찰청.png,B231263.png
00001-21-0245_1.png,B269700.png
00001-21-0245_1.png,B223657.png
00001-21-0245_2.png,B257708.png
00001-21-0246_1.png,B257868.png
00001-21-0246_1.png,B260275.png
00001-21-0246_1.png,B264030.png
00001-21-0247_1.png,B272215.png
00001-21-0247_2.png,B272215.png
00001-21-0247_3.png,B272215.png
00001-21-0248_1.png,B252047.png
00001-21-0249_1.png,B248512.png
00001-21-0250_1.png,B248116.png
00001-21-0250_1.png,B265684.png
00001-21-0250_1.png,B248745.png
00001-21-0251_1.png,B265562.png
00001-21-0253_1.png,B262240.png
00001-21-0253_1.png,B263877.png
00001-21-0253_1.png,B273044.png
00001-21-0254_1.png,B273044.png
00001-21-0254_1.png,B263877.png
00001-21-0254_1.png,B262240.png
00001-21-0255_1.png,B245686.png
00001-21-0255_1.png,B266660.png
00001-21-0256_1.png,B264420.png
00001-21-0256_1.png,B256654.png
00001-21-0260_1.png,B274350.png
00001-21-0262_1.png,B239215.png
00001-21-0262_1.png,B268967.png
00001-21-0262_1.png,B265795.png
00001-21-0262_1.png,B263093.png
00001-21-0262_1.png,B233261.png
00001-21-0262_1.png,B268967.png
00001-21-0262_1.png,B265795.png
00001-21-0262_1.png,B263093.png
00001-21-0262_1.png,B239215.png
00001-21-0262_1.png,B233261.png
00001-21-0264_1.png,B236836.png
00001-21-0264_2.png,B236836.png
00001-21-0264_3.png,B236836.png
00001-21-0264_4.png,B224542.png
00001-21-0264_4.png,B263964.png
00001-21-0267_1.png,B274440.png
00001-21-0268_1.png,B270290.png
00001-21-0268_2.png,B270290.png
00001-21-0270_1.png,B237502.png
00001-21-0273_1.png,B247332.png
00001-21-0274_1.png,B211260.png
00001-21-0274_1.png,B270763.png
00001-21-0275_1.png,B256606.png
00001-21-0275_3.png,B248513.png
00001-21-0275_3.png,B273075.png
00001-21-0275_4.png,B235895.png
00001-21-0275_4.png,B238682.png
00001-21-0275_5.png,B235057.png
00001-21-0275_6.png,B228389.png
00001-21-0279_1.png,B270291.png
00001-21-0279_2.png,B270763.png
00001-21-0279_2.png,B211260.png
00001-21-0281_1.png,B271058.png
00001-21-0284_1.png,B248512.png
00001-21-0285_1.png,B242379.png
00001-21-0285_1.png,B243239.png
00001-21-0285_1.png,B251378.png
00001-21-0285_1.png,B261107.png
00001-21-0285_1.png,B263663.png
00001-21-0285_2.png,B263663.png
00001-21-0285_2.png,B261107.png
00001-21-0285_2.png,B251378.png
00001-21-0285_2.png,B243239.png
00001-21-0285_2.png,B242379.png
00001-21-0286_1.png,B270817.png
00001-21-0291_1.png,B276086.png
00001-21-0292_1.png,B242306.png
00001-21-0292_1.png,B248390.png
21-287 울산경찰청.png,B275113.png
00001-21-0298_1.png,B275178.png
00001-21-0300_1.png,B263964.png
00001-21-0300_2.png,B266583.png
00001-21-0300_3.png,B226970.png
00001-21-0300_3.png,B234088.png
00001-21-0300_3.png,B225188.png
00001-21-0300_3.png,B226970.png
00001-21-0301_1.png,B251162.png
00001-21-0301_1.png,B273075.png
00001-21-0301_2.png,B251162.png
00001-21-0301_2.png,B273075.png
00001-21-0302_1.png,B270817.png
00001-21-0302_2.png,B270817.png
00001-21-0303_1.png,B249827.png
00001-21-0303_1.png,B269229.png
00001-21-0303_1.png,B265782.png
00001-21-0305_1.png,B275345.png
00001-21-0305_1.png,B250909.png
00001-21-0305_1.png,B239931.png
00001-21-0306_1.png,B218472.png
00001-21-0308_1.png,B225334.png
00001-21-0308_1.png,B227224.png
00001-21-0310_1.png,B237467.png
00001-21-0312_1.png,B270357.png
00001-21-0313_1.png,B272608.png
00001-21-0313_2.png,B272608.png
00001-21-0313_3.png,B238585.png
00001-21-0313_3.png,B252648.png
00001-21-0314_1.png,B270346.png
00001-21-0314_2.png,B270346.png
00001-21-0316_1.png,B254965.png
00001-21-0317_1.png,B253501.png
00001-21-0318_1.png,B224542.png
00001-21-0318_1.png,B263964.png
00001-21-0318_1.png,B264929.png
00001-21-0320_1.png,B229677.png
00001-21-0320_1.png,B228992.png
00001-21-0322_1.png,B252047.png
00001-21-0323_1.png,B255189.png
00001-21-0323_2.png,B255189.png
00001-21-0324_1.png,B272608.png
00001-21-0325_1.png,B265066.png
00001-21-0325_2.png,B265066.png
00001-21-0329_1.png,B224701.png
00001-21-0330_1.png,B247069.png
00001-21-0331_1.png,B251882.png
00001-21-0332_1.png,B248491.png
21-325 전남경찰청1.png,B248491.png
00001-21-0334_1.png,B276086.png
00001-21-0336_1.png,B276156.png
00001-21-0339_1.png,B275178.png
00001-21-0342_1.png,B276158.png
00001-21-0343_1.png,B236836.png
00001-21-0345_1.png,B264929.png
00001-21-0345_1.png,B263964.png
00001-21-0345_1.png,B224542.png
00001-21-0345_1.png,B264929.png
00001-21-0345_2.png,B224542.png
00001-21-0345_2.png,B263964.png
00001-21-0345_2.png,B264929.png
00001-21-0345_3.png,B224542.png
00001-21-0345_3.png,B263964.png
00001-21-0345_3.png,B264929.png
00001-21-0346_1.png,B275504.png
00001-21-0347_1.png,B261390.png
00001-21-0349_1.png,B209137.png
00001-21-0349_1.png,B208500.png
00001-21-0352_1.png,B224542.png
00001-21-0352_1.png,B263964.png
00001-21-0352_1.png,B224542.png
00001-21-0352_1.png,B263964.png
00001-21-0353_3.png,B250531.png
00001-21-0353_3.png,B269384.png
00001-21-0353_4.png,B269384.png
00001-21-0353_4.png,B250531.png
00001-21-0353_6.png,B269384.png
00001-21-0353_6.png,B250531.png
00001-21-0353_6.png,B269384.png
00001-21-0355_1.png,B270817.png
00001-21-0355_2.png,B270817.png
00001-21-0356_1.png,B276161.png
00001-21-0357_1.png,B276161.png
00001-21-0360_1.png,B237644.png
00001-21-0360_1.png,B269171.png
00001-21-0360_1.png,B268738.png
00001-21-0360_1.png,B264601.png
00001-21-0360_1.png,B240062.png
00001-21-0360_1.png,B239777.png
00001-21-0361_1.png,B268914.png
00001-21-0361_1.png,B274861.png
00001-21-0361_1.png,B268914.png
00001-21-0361_2.png,B268914.png
00001-21-0361_2.png,B274861.png
00001-21-0363_1.png,B221477.png
00001-21-0368_1.png,B246654.png
00001-21-0370_1.png,B233129.png
00001-21-0370_1.png,B227764.png
00001-21-0374_1.png,B277169.png
00001-21-0376_1.png,B224542.png
00001-21-0376_2.png,B277163.png
00001-21-0378_1.png,B251848.png
00001-21-0381_1.png,B211404.png
00001-21-0381_1.png,B224088.png
00001-21-0383_1.png,B267076.png
00001-21-0383_1.png,B267638.png
00001-21-0384_1.png,B259751.png
00001-21-0384_1.png,B269384.png
00001-21-0384_1.png,B268551.png
00001-21-0384_1.png,B260579.png
00001-21-0387_1.png,B276451.png
00001-21-0388_1.png,B264517.png
00001-21-0388_2.png,B277167.png
00001-21-0391_1.png,B227402.png
00001-21-0393_1.png,B276155.png
00001-21-0393_2.png,B276155.png
00001-21-0394_1.png,B234055.png
00001-21-0395_1.png,B251162.png
00001-21-0396_1.png,B261390.png
21-393 전남경찰청2.png,B265471.png
00001-21-0402_1.png,B243262.png
00001-21-0403_1.png,B228279.png
00001-21-0404_1.png,B269600.png
21-396 전남경찰청2.png,B269600.png
00001-21-0405_1.png,B271728.png
00001-21-0405_2.png,B271728.png
00001-21-0406_1.png,B232739.png
00001-21-0408_1.png,B277169.png
00001-21-0409_1.png,B234826.png
00001-21-0410_1.png,B244488.png
00001-21-0410_1.png,B244649.png
00001-21-0410_1.png,B249334.png
00001-21-0411_1.png,B277169.png
00001-21-0413_1.png,B250909.png
00001-21-0413_1.png,B262131.png
00001-21-0413_1.png,B266550.png
00001-21-0415_1.png,B224542.png
00001-21-0415_1.png,B263964.png
00001-21-0416_1.png,B266186.png
00001-21-0418_1.png,B252241.png
00001-21-0418_1.png,B258839.png
00001-21-0418_1.png,B268551.png
00001-21-0419_1.png,B263046.png
00001-21-0420_1.png,B247069.png
00001-21-0423_1.png,B224542.png
00001-21-0423_1.png,B263964.png
00001-21-0424_1.png,B232739.png
00001-21-0425_1.png,B272357.png
00001-21-0425_1.png,B263566.png
00001-21-0426_1.png,B273075.png
00001-21-0428_1.png,B277173.png
00001-21-0428_2.png,B277173.png
00001-21-0429_1.png,B266251.png
00001-21-0430_1.png,B241117.png
00001-21-0431_1.png,B250166.png
00001-21-0433_1.png,B269199.png
00001-21-0438_1.png,B257685.png
00001-21-0438_1.png,B258961.png
00001-21-0439_1.png,B259584.png
00001-21-0439_1.png,B277216.png
00001-21-0439_1.png,B259584.png
00001-21-0439_2.png,B259584.png
00001-21-0439_2.png,B277216.png
00001-21-0439_2.png,B259584.png
00001-21-0440_1.png,B255262.png
00001-21-0441_1.png,B224542.png
00001-21-0441_1.png,B263964.png
00001-21-0442_1.png,B215568.png
00001-21-0442_1.png,B265776.png
00001-21-0443_1.png,B275659.png
00001-21-0450_1.png,B252866.png
00001-21-0452_2.png,B276155.png
00001-21-0453_1.png,B257385.png
00001-21-0453_1.png,B270918.png
00001-21-0453_1.png,B268954.png
00001-21-0455_1.png,B241117.png
00001-21-0459_1.png,B224542.png
00001-21-0459_1.png,B263964.png
00001-21-0462_1.png,B268367.png
00001-21-0462_1.png,B239771.png
00001-21-0462_1.png,B245449.png
00001-21-0462_1.png,B261292.png
00001-21-0462_1.png,B236533.png
00001-21-0462_1.png,B268367.png
00001-21-0462_1.png,B261292.png
21-454경기남부청2-1.png,B236533.png
21-454경기남부청2-1.png,B261292.png
21-454경기남부청2-1.png,B245449.png
21-454경기남부청2-1.png,B239771.png
21-454경기남부청2-1.png,B268367.png
00001-21-0467_1.png,B268057.png
00001-21-0472_1.png,B270763.png
00001-21-0474_1.png,B242473.png
00001-21-0474_1.png,B242165.png
00001-21-0475_1.png,B232612.png
00001-21-0475_1.png,B232612.png
00001-21-0476_1.png,B264780.png
00001-21-0476_1.png,B267136.png
00001-21-0476_1.png,B268579.png
00001-21-0477_1.png,B278210.png
00001-21-0479_1.png,B274906.png
00001-21-0479_2.png,B275443.png
00001-21-0480_1.png,B262805.png
00001-21-0481_1.png,B269655.png
00001-21-0481_1.png,B246003.png
00001-21-0482_1.png,B271630.png
00001-21-0483_1.png,B265977.png
00001-21-0484_1.png,B263566.png
00001-21-0485_1.png,B240907.png
00001-21-0486_1.png,B223872.png
00001-21-0489_1.png,B217682.png
00001-21-0489_1.png,B240129.png
00001-21-0489_2.png,B217682.png
00001-21-0489_2.png,B240129.png
00001-21-0491_1.png,B278377.png
00001-21-0495_1.png,B240662.png
00001-21-0496_1.png,B228992.png
00001-21-0496_1.png,B229677.png
00001-21-0497_1.png,B264259.png
00001-21-0502_1.png,B248275.png
00001-21-0502_2.png,B269010.png
00001-21-0502_3.png,B271105.png
00001-21-0502_4.png,B233777.png
21-496 제주경찰청1.png,B256512.png
21-496 제주경찰청2.png,B256512.png
00001-21-0506_1.png,B250785.png
00001-21-0507_1.png,B279216.png
00001-21-0507_2.png,B279216.png
00001-21-0507_3.png,B279216.png
00001-21-0507_4.png,B273175.png
00001-21-0508_1.png,B273237.png
00001-21-0508_2.png,B273237.png
00001-21-0510_1.png,B269655.png
00001-21-0511_1.png,B209602.png
00001-21-0513_2.png,B265977.png
00001-21-0513_3.png,B275178.png
00001-21-0513_4.png,B224542.png
00001-21-0514_1.png,B257981.png
00001-21-0516_1.png,B279386.png
00001-21-0519_1.png,B258102.png
00001-21-0520_1.png,B265159.png
00001-21-0521_1.png,B273696.png
00001-21-0522_1.png,B239050.png
00001-21-0522_1.png,B242303.png
00001-21-0522_2.png,B242303.png
00001-21-0522_2.png,B239050.png
00001-21-0524_1.png,B273767.png
00001-21-0526_1.png,B256538.png
00001-21-0527_1.png,B269542.png
00001-21-0527_2.png,B269542.png
00001-21-0528_1.png,B269600.png
00001-21-0532_1.png,B264517.png
00001-21-0534_1.png,B241704.png
00001-21-0534_1.png,B260021.png
00001-21-0535_1.png,B257867.png
00001-21-0538_1.png,B267073.png
00001-21-0538_1.png,B270302.png
00001-21-0538_1.png,B267073.png
00001-21-0538_1.png,B256343.png
00001-21-0539_1.png,B219581.png
00001-21-0539_1.png,B249127.png
00001-21-0539_3.png,B219581.png
00001-21-0539_3.png,B249127.png
00001-21-0542_1.png,B242612.png
00001-21-0542_1.png,B273444.png
00001-21-0548_1.png,B269596.png
00001-21-0551_1.png,B268575.png
00001-21-0551_1.png,B262166.png
00001-21-0551_2.png,B268575.png
00001-21-0551_2.png,B262166.png
00001-21-0557_1.png,B269600.png
00001-21-0558_1.png,B243774.png
00001-21-0562_1.png,B270359.png
00001-21-0565_1.png,B240479.png
00001-21-0565_1.png,B243957.png
00001-21-0565_1.png,B248145.png
00001-21-0565_1.png,B242790.png
00001-21-0566_1.png,B211505.png
00001-21-0567_1.png,B248512.png
00001-21-0568_1.png,B272215.png
00001-21-0570_1.png,B272612.png
00001-21-0574_1.png,B280474.png
00001-21-0574_2.png,B280474.png
00001-21-0576_1.png,B269600.png
00001-21-0577_1.png,B270267.png
00001-21-0579_1.png,B248066.png
00001-21-0580_1.png,B274902.png
00001-21-0582_1.png,B280475.png
00001-21-0586_1.png,B266075.png
00001-21-0587_2.png,B256518.png
00001-21-0587_2.png,B231345.png
00001-21-0590_1.png,B261859.png
00001-21-0591_1.png,B245812.png
00001-21-0592_1.png,B257868.png
00001-21-0592_1.png,B260275.png
00001-21-0592_1.png,B264029.png
00001-21-0592_1.png,B264030.png
00001-21-0593_1.png,B276155.png
00001-21-0594_1.png,B224542.png
00001-21-0594_1.png,B263964.png
00001-21-0594_1.png,B275129.png
00001-21-0595_1.png,B266116.png
00001-21-0597_2.png,B274288.png
00001-21-0597_3.png,B274288.png
00001-21-0599_1.png,B248389.png
00001-21-0599_2.png,B279282.png
00001-21-0600_1.png,B280476.png
00001-21-0602_1.png,B275096.png
00001-21-0605_1.png,B263292.png
00001-21-0605_1.png,B216933.png
00001-21-0606_1.png,B277550.png
00001-21-0607_1.png,B208420.png
00001-21-0607_2.png,B208420.png
00001-21-0607_3.png,B208420.png
00001-21-0608_1.png,B269600.png
00001-21-0610_1.png,B246654.png
00001-22-0001_1.png,B280392.png
00001-22-0002_1.png,B265276.png
00001-22-0003_1.png,B269600.png
00001-22-0004_1.png,B242981.png
00001-22-0004_1.png,B262820.png
00001-22-0004_1.png,B268871.png
00001-22-0005_1.png,B280616.png
00001-22-0007_1.png,B269600.png
00001-22-0008_1.png,B269600.png
00001-22-0010_1.png,B265282.png
00001-22-0010_2.png,B216933.png
00001-22-0011_1.png,B271735.png
00001-22-0012_1.png,B269600.png
00001-22-0013_1.png,B264788.png
00001-22-0017_1.png,B280897.png
00001-22-0018_1.png,B258850.png
00001-22-0018_1.png,B270376.png
00001-22-0018_1.png,B245497.png
00001-22-0018_1.png,B270130.png
00001-22-0018_1.png,B265334.png
00001-22-0018_1.png,B258850.png
00001-22-0018_1.png,B245497.png
00001-22-0018_1.png,B270376.png
00001-22-0018_2.png,B265334.png
00001-22-0018_2.png,B270130.png
00001-22-0018_2.png,B270376.png
00001-22-0018_2.png,B258850.png
00001-22-0018_2.png,B245497.png
00001-22-0018_3.png,B270376.png
00001-22-0018_3.png,B265334.png
00001-22-0018_3.png,B270130.png
00001-22-0018_3.png,B258850.png
00001-22-0018_3.png,B245497.png
00001-22-0019_1.png,B279915.png
00001-22-0020_1.png,B243262.png
00001-22-0021_1.png,B281060.png
00001-22-0022_1.png,B267063.png
00001-22-0023_1.png,B250909.png
00001-22-0024_2.png,B267068.png
00001-22-0024_3.png,B267068.png
00001-22-0026_1.png,B216585.png
00001-22-0028_1.png,B268787.png
00001-22-0029_2.png,B275200.png
00001-22-0030_1.png,B262175.png
00001-22-0030_2.png,B262175.png
22-031 경기남부경찰청1-1.png,B275670.png
00001-22-0034_1.png,B269600.png
00001-22-0034_2.png,B269600.png
00001-22-0036_1.png,B258961.png
00001-22-0036_1.png,B264161.png
00001-22-0036_1.png,B257685.png
00001-22-0036_1.png,B277865.png
22-039 강원경찰청2.png,B251592.png
22-039 강원경찰청3.png,B251592.png
00001-22-0040_1.png,B277548.png
00001-22-0042_2.png,B277548.png
00001-22-0043_1.png,B271735.png
22-043 서울경찰청2.png,B271735.png
00001-22-0044_1.png,B273591.png
00001-22-0045_1.png,B264788.png
00001-22-0045_2.png,B264788.png
00001-22-0045_3.png,B279632.png
00001-22-0046_1.png,B267819.png
00001-22-0050_1.png,B256512.png
22-050 제주경찰청2.png,B256512.png
00001-22-0051_1.png,B272944.png
00001-22-0054_1.png,B225265.png
00001-22-0054_1.png,B237127.png
00001-22-0054_1.png,B242901.png
00001-22-0054_1.png,B269786.png
00001-22-0055_1.png,B281310.png
00001-22-0055_2.png,B270763.png
00001-22-0055_2.png,B211260.png
00001-22-0055_3.png,B272788.png
00001-22-0059_1.png,B266626.png
00001-22-0059_2.png,B266626.png
00001-22-0059_3.png,B266626.png
00001-22-0060_1.png,B266626.png
00001-22-0061_1.png,B268787.png
00001-22-0061_2.png,B268787.png
00001-22-0062_1.png,B258580.png
00001-22-0062_2.png,B211260.png
00001-22-0062_2.png,B270763.png
00001-22-0064_1.png,B273213.png
00001-22-0065_1.png,B269256.png
00001-22-0066_1.png,B263019.png
00001-22-0069_1.png,B262052.png
00001-22-0072_1.png,B269655.png
00001-22-0073_1.png,B269596.png
00001-22-0076_1.png,B240582.png
00001-22-0077_1.png,B262052.png
00001-22-0077_2.png,B268816.png
00001-22-0078_1.png,B207311.png
00001-22-0079_1.png,B250471.png
00001-22-0079_1.png,B254454.png
00001-22-0080_1.png,B274407.png
00001-22-0081_1.png,B269596.png
00001-22-0081_2.png,B269596.png
22-082 경기남부경찰청.png,B258517.png
00001-22-0084_1.png,B241704.png
00001-22-0084_1.png,B260021.png
00001-22-0084_2.png,B241704.png
00001-22-0084_2.png,B260021.png
00001-22-0086_1.png,B244941.png
00001-22-0086_2.png,B244941.png
00001-22-0087_1.png,B277651.png
00001-22-0088_2.png,B277651.png
00001-22-0089_1.png,B282036.png
00001-22-0089_2.png,B282036.png
00001-22-0091_1.png,B272094.png
00001-22-0092_1.png,B272094.png
00001-22-0093_1.png,B203928.png
00001-22-0093_1.png,B242192.png
00001-22-0094_1.png,B270763.png
00001-22-0096_1.png,B229507.png
00001-22-0097_1.png,B248512.png
00001-22-0097_2.png,B248512.png
00001-22-0098_1.png,B259624.png
00001-22-0098_1.png,B264613.png
00001-22-0098_1.png,B273645.png
00001-22-0099_1.png,B270763.png
00001-22-0099_1.png,B211260.png
00001-22-0100_1.png,B250785.png
00001-22-0103_1.png,B224542.png
00001-22-0103_1.png,B263964.png
00001-22-0103_1.png,B275118.png
00001-22-0103_1.png,B275129.png
00001-22-0104_1.png,B263540.png
00001-22-0104_1.png,B270219.png
00001-22-0104_2.png,B263540.png
00001-22-0104_2.png,B270219.png
00001-22-0105_1.png,B265149.png
00001-22-0107_1.png,B265149.png
00001-22-0108_1.png,B232809.png
00001-22-0108_1.png,B242518.png
00001-22-0110_1.png,B213556.png
00001-22-0112_1.png,B219581.png
00001-22-0112_1.png,B249127.png
00001-22-0114_1.png,B244828.png
00001-22-0114_1.png,B245115.png
00001-22-0114_1.png,B248041.png
00001-22-0114_1.png,B241407.png
22-114 경북경찰청1.png,B259808.png
00001-22-0115_1.png,B269964.png
00001-22-0115_5.png,B265057.png
00001-22-0116_1.png,B211822.png
00001-22-0116_1.png,B216597.png
00001-22-0116_1.png,B265500.png
00001-22-0117_1.png,B251882.png
00001-22-0117_1.png,B270893.png
00001-22-0117_2.png,B242699.png
00001-22-0119_1.png,B229826.png
22-122경기남부경찰청.png,B275129.png
22-122경기남부경찰청.png,B275118.png
22-122경기남부경찰청.png,B263964.png
22-122경기남부경찰청.png,B224542.png
00001-22-0123_1.png,B264351.png
00001-22-0123_1.png,B265776.png
00001-22-0124_1.png,B258940.png
00001-22-0124_2.png,B258940.png
00001-22-0126_1.png,B252589.png
00001-22-0126_1.png,B268996.png
00001-22-0126_1.png,B268068.png
00001-22-0126_2.png,B252589.png
00001-22-0126_2.png,B268996.png
00001-22-0126_2.png,B268068.png
00001-22-0128_2.png,B265149.png
00001-22-0129_1.png,B240419.png
00001-22-0129_2.png,B240419.png
00001-22-0131_1.png,B252378.png
00001-22-0132_1.png,B265165.png
00001-22-0133_1.png,B269542.png
00001-22-0134_1.png,B269256.png
00001-22-0137_2.png,B271735.png
00001-22-0138_2.png,B278726.png
00001-22-0138_3.png,B278726.png
00001-22-0139_1.png,B277548.png
00001-22-0140_1.png,B282037.png
00001-22-0142_1.png,B265165.png
00001-22-0143_1.png,B270763.png
00001-22-0144_1.png,B273767.png
00001-22-0144_2.png,B273767.png
00001-22-0146_1.png,B270763.png
00001-22-0147_1.png,B271735.png
00001-22-0147_2.png,B271735.png
00001-22-0149_1.png,B282037.png
00001-22-0151_1.png,B272427.png
00001-22-0151_2.png,B272427.png
00001-22-0152_1.png,B250931.png
00001-22-0152_1.png,B251003.png
00001-22-0152_1.png,B269203.png
00001-22-0152_2.png,B250931.png
00001-22-0152_2.png,B251003.png
00001-22-0152_2.png,B269203.png
00001-22-0152_3.png,B250931.png
00001-22-0152_3.png,B251003.png
00001-22-0152_3.png,B269203.png
00001-22-0152_4.png,B269203.png
00001-22-0152_4.png,B251003.png
00001-22-0152_4.png,B250931.png
00001-22-0152_5.png,B250931.png
00001-22-0152_5.png,B251003.png
00001-22-0152_5.png,B269203.png
00001-22-0155_1.png,B274781.png
00001-22-0156_1.png,B242651.png
00001-22-0156_1.png,B270773.png
22-158충북경찰청.png,B271728.png
00001-22-0159_1.png,B245007.png
00001-22-0159_2.png,B245007.png
00001-22-0163_1.png,B273142.png
00001-22-0164_1.png,B211260.png
00001-22-0164_1.png,B270763.png
00001-22-0164_1.png,B211260.png
00001-22-0166_1.png,B264351.png
00001-22-0166_1.png,B265776.png
1-2(원본)001.png,B208944.png
빈 문서 2-2(원본)001.png,B208944.png
00001-22-0168_1.png,B265255.png
00001-22-0171_1.png,B266116.png
00001-22-0173_1.png,B282751.png
00001-22-0175_1.png,B231642.png
00001-22-0175_1.png,B00623.png
00001-22-0175_1.png,B00558.png
00001-22-0176_1.png,B265660.png
00001-22-0177_1.png,B248390.png
00001-22-0179_1.png,B244007.png
00001-22-0181_1.png,B263965.png
00001-22-0181_2.png,B263965.png
00001-22-0183_1.png,B256419.png
00001-22-0183_1.png,B257807.png
00001-22-0186_1.png,B270727.png
00001-22-0187_1.png,B282751.png
00001-22-0189_1.png,B282750.png
00001-22-0190_1.png,B279386.png
00001-22-0191_1.png,B273212.png
00001-22-0192_1.png,B265255.png
00001-22-0193_1.png,B282753.png
00001-22-0194_1.png,B252994.png
00001-22-0197_1.png,B211260.png
00001-22-0197_1.png,B275346.png
00001-22-0200_1.png,B224542.png
00001-22-0201_6.png,B277651.png
00001-22-0202_1.png,B282750.png
00001-22-0203_1.png,B282750.png
00001-22-0204_1.png,B236836.png
22-204부산경찰2.png,B236836.png
00001-22-0205_1.png,B224542.png
00001-22-0205_1.png,B263964.png
00001-22-0205_1.png,B275129.png
00001-22-0206_1.png,B258848.png
00001-22-0208_1.png,B275822.png
00001-22-0212_1.png,B234081.png
00001-22-0212_1.png,B243928.png
00001-22-0214_1.png,B270763.png
00001-22-0214_1.png,B211260.png
00001-22-0215_1.png,B269596.png
00001-22-0215_2.png,B269596.png
00001-22-0217_1.png,B236343.png
00001-22-0217_2.png,B236343.png
00001-22-0217_3.png,B236343.png
00001-22-0217_4.png,B236343.png
00001-22-0219_1.png,B226474.png
00001-22-0220_1.png,B279632.png
00001-22-0221_1.png,B281158.png
00001-22-0221_2.png,B281158.png
00001-22-0222_1.png,B277584.png
00001-22-0222_2.png,B277584.png
00001-22-0222_3.png,B277584.png
00001-22-0222_4.png,B277584.png
00001-22-0222_5.png,B277584.png
00001-22-0223_1.png,B282750.png
00001-22-0227_1.png,B271683.png
00001-22-0227_2.png,B271683.png
00001-22-0228_1.png,B283794.png
00001-22-0231_1.png,B270763.png
00001-22-0231_1.png,B274764.png
00001-22-0231_1.png,B275346.png
00001-22-0232_1.png,B274529.png
00001-22-0232_1.png,B267554.png
00001-22-0232_1.png,B243675.png
00001-22-0232_1.png,B233522.png
00001-22-0232_1.png,B265085.png
00001-22-0233_1.png,B263821.png
00001-22-0233_1.png,B280398.png
00001-22-0233_1.png,B263821.png
00001-22-0233_1.png,B280398.png
00001-22-0233_2.png,B263821.png
00001-22-0233_2.png,B280398.png
00001-22-0238_1.png,B236343.png
00001-22-0239_1.png,B252994.png
00001-22-0240_1.png,B243931.png
00001-22-0240_2.png,B243931.png
00001-22-0243_1.png,B231345.png
00001-22-0244_1.png,B203842.png
00001-22-0244_2.png,B273075.png
00001-22-0244_2.png,B272694.png
00001-22-0245_1.png,B268057.png
00001-22-0246_1.png,B258839.png
00001-22-0246_1.png,B250531.png
00001-22-0246_1.png,B259751.png
00001-22-0246_1.png,B268551.png
00001-22-0246_3.png,B250531.png
00001-22-0246_3.png,B268551.png
00001-22-0246_3.png,B259751.png
00001-22-0246_3.png,B258839.png
00001-22-0247_1.png,B281158.png
00001-22-0247_2.png,B281158.png
00001-22-0248_1.png,B277548.png
00001-22-0248_3.png,B277548.png
00001-22-0248_4.png,B277548.png
00001-22-0248_5.png,B277548.png
00001-22-0250_1.png,B273992.png
00001-22-0250_1.png,B269541.png
00001-22-0250_3.png,B269541.png
00001-22-0250_3.png,B273992.png
00001-22-0250_4.png,B269541.png
00001-22-0250_4.png,B273992.png
00001-22-0250_5.png,B269541.png
00001-22-0250_5.png,B273992.png
00001-22-0251_1.png,B241704.png
00001-22-0251_1.png,B260021.png
00001-22-0252_1.png,B277548.png
00001-22-0253_1.png,B264413.png
00001-22-0255_1.png,B273075.png
00001-22-0255_2.png,B273075.png
00001-22-0256_1.png,B256529.png
00001-22-0257_1.png,B277989.png
00001-22-0258_1.png,B273075.png
00001-22-0259_1.png,B267042.png
00001-22-0260_1.png,B241665.png
00001-22-0262_1.png,B211410.png
00001-22-0262_1.png,B212792.png
00001-22-0262_1.png,B213550.png
00001-22-0262_1.png,B211410.png
00001-22-0264_1.png,B227715.png
00001-22-0264_1.png,B234095.png
00001-22-0264_1.png,B264243.png
00001-22-0268_1.png,B273389.png
22-267전남경찰청.png,B259808.png
22-267전남경찰청.png,B271956.png
00001-22-0272_1.png,B273075.png
00001-22-0272_1.png,B207105.png
22-270서울경찰청1-2.png,B273075.png
22-270서울경찰청1-2.png,B207105.png
22-270서울경찰청1-3.png,B207105.png
22-270서울경찰청1-3.png,B273075.png
00001-22-0273_1.png,B262905.png
00001-22-0273_1.png,B262905.png
00001-22-0276_1.png,B224542.png
00001-22-0276_1.png,B263964.png
00001-22-0276_1.png,B275129.png
00001-22-0277_1.png,B271956.png
00001-22-0277_1.png,B259808.png
00001-22-0277_1.png,B271956.png
00001-22-0277_1.png,B259808.png
00001-22-0277_2.png,B259808.png
00001-22-0277_2.png,B271956.png
00001-22-0278_1.png,B277774.png
00001-22-0279_1.png,B271956.png
00001-22-0279_1.png,B259808.png
00001-22-0284_1.png,B269229.png
00001-22-0284_1.png,B249827.png
00001-22-0284_1.png,B265782.png
00001-22-0287_1.png,B248218.png
00001-22-0287_1.png,B260021.png
00001-22-0287_1.png,B241704.png
00001-22-0287_1.png,B260021.png
00001-22-0287_2.png,B260021.png
00001-22-0287_2.png,B248218.png
00001-22-0287_2.png,B241704.png
00001-22-0287_3.png,B241704.png
00001-22-0287_3.png,B260021.png
00001-22-0287_3.png,B248218.png
00001-22-0291_1.png,B275286.png
00001-22-0291_2.png,B275286.png
00001-22-0292_1.png,B279632.png
00001-22-0294_1.png,B271735.png
00001-22-0295_2.png,B245186.png
00001-22-0298_1.png,B272366.png
00001-22-0298_1.png,B271956.png
00001-22-0298_2.png,B271956.png
00001-22-0298_2.png,B272366.png
00001-22-0300_1.png,B279902.png
00001-22-0301_1.png,B270324.png
00001-22-0302_1.png,B267133.png
00001-22-0302_1.png,B239924.png
00001-22-0304_1.png,B273075.png
00001-22-0305_1.png,B282922.png
00001-22-0308_1.png,B239779.png
00001-22-0308_1.png,B273667.png
00001-22-0308_1.png,B268068.png
00001-22-0308_1.png,B268996.png
00001-22-0311_1.png,B254679.png
00001-22-0313_1.png,B238213.png
00001-22-0313_1.png,B263149.png
00001-22-0313_3.png,B238213.png
00001-22-0313_3.png,B263149.png
00001-22-0313_4.png,B238213.png
00001-22-0313_4.png,B263149.png
00001-22-0314_1.png,B261390.png
00001-22-0315_1.png,B273075.png
00001-22-0316_1.png,B258839.png
00001-22-0317_1.png,B258839.png
00001-22-0319_1.png,B265334.png
00001-22-0319_1.png,B270130.png
00001-22-0319_1.png,B270376.png
00001-22-0320_1.png,B262010.png
00001-22-0320_1.png,B271728.png
00001-22-0322_2.png,B271735.png
00001-22-0323_1.png,B224542.png
00001-22-0323_1.png,B264929.png
00001-22-0323_1.png,B275129.png
00001-22-0324_2.png,B279386.png
00001-22-0325_1.png,B270376.png
00001-22-0325_1.png,B245497.png
00001-22-0325_1.png,B270130.png
00001-22-0325_1.png,B265334.png
00001-22-0326_1.png,B277545.png
00001-22-0333_1.png,B270645.png
00001-22-0335_1.png,B273143.png
00001-22-0336_1.png,B279386.png
00001-22-0337_1.png,B239903.png
00001-22-0337_1.png,B262643.png
00001-22-0338_1.png,B268871.png
00001-22-0338_1.png,B262820.png
00001-22-0338_1.png,B242981.png
00001-22-0338_2.png,B242981.png
00001-22-0338_2.png,B262820.png
00001-22-0338_2.png,B268871.png
00001-22-0340_1.png,B256614.png
00001-22-0340_1.png,B264410.png
00001-22-0340_2.png,B251928.png
00001-22-0342_1.png,B270449.png
00001-22-0344_1.png,B244217.png
00001-22-0344_1.png,B247743.png
00001-22-0345_1.png,B275129.png
00001-22-0345_1.png,B275118.png
00001-22-0345_1.png,B264929.png
00001-22-0345_1.png,B263964.png
00001-22-0345_1.png,B224542.png
00001-22-0346_1.png,B235737.png
00001-22-0347_1.png,B279386.png
00001-22-0348_1.png,B271735.png
00001-22-0350_1.png,B265677.png
00001-22-0350_1.png,B252798.png
00001-22-0350_1.png,B241635.png
00001-22-0350_1.png,B256287.png
00001-22-0351_1.png,B224542.png
00001-22-0351_1.png,B263964.png
00001-22-0351_1.png,B275118.png
00001-22-0351_1.png,B275129.png
00001-22-0351_2.png,B224542.png
00001-22-0351_2.png,B263964.png
00001-22-0351_2.png,B275118.png
00001-22-0351_2.png,B275129.png
00001-22-0353_1.png,B257312.png
00001-22-0353_1.png,B242426.png
00001-22-0353_2.png,B242426.png
00001-22-0353_2.png,B257312.png
00001-22-0354_1.png,B268592.png
00001-22-0355_1.png,B213213.png
00001-22-0355_1.png,B269160.png
00001-22-0357_1.png,B273269.png
00001-22-0358_1.png,B273591.png
00001-22-0360_1.png,B263964.png
00001-22-0360_1.png,B275118.png
00001-22-0360_1.png,B224542.png
00001-22-0360_2.png,B275118.png
00001-22-0360_2.png,B263964.png
00001-22-0360_2.png,B224542.png
00001-22-0362_1.png,B239687.png
00001-22-0362_1.png,B239687.png
00001-22-0362_1.png,B269230.png
00001-22-0362_2.png,B239687.png
00001-22-0362_2.png,B269230.png
00001-22-0362_3.png,B239687.png
00001-22-0362_3.png,B269230.png
00001-22-0364_1.png,B261602.png
00001-22-0366_1.png,B261602.png
00001-22-0367_1.png,B273181.png
00001-22-0368_1.png,B252242.png
00001-22-0368_1.png,B256529.png
00001-22-0368_1.png,B267254.png
00001-22-0368_1.png,B256529.png
00001-22-0368_1.png,B252242.png
00001-22-0368_1.png,B277417.png
00001-22-0368_2.png,B267254.png
00001-22-0368_2.png,B256529.png
00001-22-0368_2.png,B252242.png
00001-22-0368_2.png,B277417.png
00001-22-0368_3.png,B277417.png
00001-22-0368_3.png,B267254.png
00001-22-0368_3.png,B256529.png
00001-22-0368_3.png,B252242.png
00001-22-0368_4.png,B273075.png
00001-22-0368_4.png,B272694.png
00001-22-0368_5.png,B273075.png
00001-22-0368_5.png,B272694.png
00001-22-0369_1.png,B282130.png
00001-22-0370_1.png,B244245.png
00001-22-0370_1.png,B248390.png
00001-22-0370_1.png,B277545.png
00001-22-0370_2.png,B277545.png
00001-22-0370_2.png,B248390.png
00001-22-0370_2.png,B244245.png
00001-22-0371_1.png,B244245.png
00001-22-0371_1.png,B248390.png
00001-22-0371_1.png,B277545.png
00001-22-0373_1.png,B276155.png
00001-22-0374_1.png,B228389.png
00001-22-0378_1.png,B266626.png
00001-22-0378_1.png,B283797.png
00001-22-0378_1.png,B266626.png
00001-22-0378_1.png,B283797.png
00001-22-0378_2.png,B283797.png
00001-22-0378_2.png,B266626.png
00001-22-0379_1.png,B266626.png
00001-22-0379_1.png,B283797.png
00001-22-0379_2.png,B266626.png
00001-22-0379_2.png,B283797.png
00001-22-0381_1.png,B271735.png
00001-22-0382_1.png,B271850.png
00001-22-0387_1.png,B265524.png
00001-22-0387_2.png,B265524.png
00001-22-0387_3.png,B265524.png
00001-22-0389_1.png,B272782.png
00001-22-0391_1.png,B268955.png
00001-22-0391_1.png,B269370.png
00001-22-0391_2.png,B269370.png
00001-22-0391_2.png,B268955.png
00001-22-0392_1.png,B283795.png
00001-22-0392_2.png,B264538.png
00001-22-0393_1.png,B268871.png
00001-22-0395_2.png,B279961.png
00001-22-0395_2.png,B265500.png
00001-22-0395_2.png,B263292.png
00001-22-0396_1.png,B271850.png
00001-22-0396_1.png,B267257.png
00001-22-0397_1.png,B233261.png
00001-22-0397_1.png,B239215.png
00001-22-0397_1.png,B263093.png
00001-22-0397_1.png,B265795.png
00001-22-0397_1.png,B268967.png
00001-22-0398_1.png,B268996.png
00001-22-0398_1.png,B239779.png
00001-22-0399_2.png,B275178.png
00001-22-0399_3.png,B275178.png
00001-22-0400_1.png,B276155.png
00001-22-0401_2.png,B268996.png
00001-22-0401_2.png,B239779.png
00001-22-0403_1.png,B260419.png
00001-22-0403_1.png,B270900.png
00001-22-0404_2.png,B263292.png
00001-22-0404_2.png,B265500.png
00001-22-0404_2.png,B279961.png
00001-22-0406_1.png,B260285.png
00001-22-0406_1.png,B260419.png
00001-22-0408_1.png,B239779.png
00001-22-0408_1.png,B268996.png
00001-22-0409_1.png,B263964.png
00001-22-0409_1.png,B275118.png
00001-22-0409_1.png,B224542.png
00001-22-0409_2.png,B271735.png
00001-22-0409_3.png,B211260.png
00001-22-0409_3.png,B270763.png
00001-22-0409_3.png,B274764.png
00001-22-0410_1.png,B209137.png
00001-22-0412_1.png,B275733.png
00001-22-0413_1.png,B271735.png
00001-22-0414_1.png,B269655.png
00001-22-0417_1.png,B265776.png
00001-22-0419_1.png,B268057.png
00001-22-0419_1.png,B237306.png
22-418 경기남부경찰청.png,B268350.png
00001-22-0421_1.png,B242237.png
00001-22-0425_1.png,B263019.png
00001-22-0427_1.png,B271973.png
00001-22-0427_2.png,B271973.png
00001-22-0428_1.png,B260419.png
00001-22-0429_1.png,B224542.png
00001-22-0429_1.png,B263964.png
00001-22-0431_1.png,B283797.png
00001-22-0431_1.png,B266626.png
00001-22-0432_1.png,B260419.png
00001-22-0432_2.png,B260419.png
00001-22-0433_2.png,B273075.png
00001-22-0435_1.png,B229869.png
00001-22-0435_1.png,B247724.png
00001-22-0435_1.png,B247800.png
00001-22-0435_1.png,B250538.png
00001-22-0438_1.png,B283797.png
00001-22-0438_1.png,B266626.png
00001-22-0439_1.png,B271713.png
00001-22-0441_1.png,B274821.png
00001-22-0443_1.png,B269655.png
00001-22-0444_1.png,B211505.png
00001-22-0444_1.png,B00166.png
00001-22-0444_2.png,B00166.png
00001-22-0444_2.png,B211505.png
00001-22-0445_1.png,B275129.png
00001-22-0445_1.png,B263964.png
00001-22-0445_1.png,B224542.png
00001-22-0445_2.png,B224542.png
00001-22-0445_2.png,B263964.png
00001-22-0445_2.png,B275129.png
00001-22-0446_1.png,B266626.png
00001-22-0446_1.png,B283797.png
00001-22-0450_1.png,B283183.png
00001-22-0454_1.png,B271728.png
00001-22-0455_1.png,B283550.png
00001-22-0456_1.png,B224542.png
00001-22-0456_1.png,B275129.png
00001-22-0458_1.png,B266116.png
00001-22-0464_1.png,B276874.png
00001-22-0465_1.png,B211505.png
00001-22-0465_1.png,B00166.png
00001-22-0466_2.png,B284301.png
00001-22-0466_3.png,B274414.png
00001-22-0467_1.png,B269684.png
00001-22-0468_1.png,B284303.png
00001-22-0469_1.png,B264933.png
00001-22-0469_1.png,B264932.png
00001-22-0470_1.png,B273234.png
22-470 경기남부경찰청1(현장족흔적).png,B270273.png
00001-22-0473_1.png,B284299.png
00001-22-0475_1.png,B248524.png
00001-22-0477_1.png,B267441.png
00001-22-0479_1.png,B250931.png
00001-22-0479_1.png,B269203.png
00001-22-0483_1.png,B265928.png
00001-22-0484_1.png,B275129.png
00001-22-0484_1.png,B275118.png
00001-22-0484_1.png,B263964.png
00001-22-0484_1.png,B224542.png
00001-22-0486_1.png,B258686.png
00001-22-0487_1.png,B265384.png
00001-22-0488_1.png,B271728.png
00001-22-0490_1.png,B269199.png
00001-22-0492_1.png,B247710.png
00001-22-0494_1.png,B271938.png
00001-22-0494_2.png,B271938.png
00001-22-0495_1.png,B284303.png
00001-22-0496_1.png,B272758.png
00001-22-0497_1.png,B258554.png
00001-22-0497_1.png,B261514.png
00001-22-0497_1.png,B274675.png
00001-22-0498_1.png,B264410.png
00001-22-0498_2.png,B264410.png
00001-22-0498_3.png,B264410.png
00001-22-0499_1.png,B272694.png
00001-22-0501_1.png,B274991.png
00001-22-0502_1.png,B253130.png
00001-22-0503_1.png,B273075.png
00001-22-0503_1.png,B272694.png
00001-22-0507_1.png,B229963.png
00001-22-0507_1.png,B229963.png
00001-22-0508_1.png,B222671.png
00001-22-0508_1.png,B265139.png
00001-22-0508_1.png,B222671.png
00001-22-0508_1.png,B265139.png
00001-22-0509_1.png,B252210.png
00001-22-0510_3.png,B269895.png
00001-22-0511_2.png,B277685.png
00001-22-0513_1.png,B263849.png
00001-22-0513_1.png,B249976.png
00001-22-0513_1.png,B249727.png
00001-22-0519_1.png,B275178.png
00001-22-0520_1.png,B269541.png
00001-22-0520_1.png,B273992.png
00001-22-0522_1.png,B283550.png
00001-22-0523_2.png,B284585.png
00001-22-0526_1.png,B273591.png
00001-22-0526_2.png,B273591.png
00001-22-0530_1.png,B275129.png
00001-22-0530_1.png,B263964.png
00001-22-0530_1.png,B224542.png
00001-22-0531_1.png,B264780.png
00001-22-0531_1.png,B266184.png
00001-22-0533_1.png,B276155.png
00001-22-0534_1.png,B230006.png
00001-22-0535_1.png,B211067.png
00001-22-0537_1.png,B265807.png
00001-22-0537_1.png,B279971.png
00001-22-0539_1.png,B227606.png
00001-22-0539_1.png,B246836.png
00001-22-0539_1.png,B241292.png
00001-22-0539_2.png,B246836.png
00001-22-0539_2.png,B241292.png
00001-22-0539_2.png,B227606.png
00001-22-0540_1.png,B262905.png
00001-22-0542_1.png,B271084.png
00001-22-0543_1.png,B284588.png
00001-22-0544_1.png,B236836.png
00001-22-0544_1.png,B236836.png
22-542 국방부조사사본부2.png,B270704.png
00001-22-0547_2.png,B284710.png
00001-22-0547_3.png,B277584.png
00001-22-0547_4.png,B271735.png
00001-22-0547_5.png,B284710.png
00001-22-0550_1.png,B241635.png
00001-22-0550_1.png,B247995.png
00001-22-0550_1.png,B252798.png
00001-22-0550_1.png,B256287.png
00001-22-0550_1.png,B265677.png
22-548 경기남부경찰청.png,B283733.png
00001-22-0552_1.png,B270458.png
00001-22-0552_2.png,B270458.png
00001-22-0553_1.png,B214486.png
00001-22-0554_1.png,B277545.png
00001-22-0554_1.png,B236400.png
00001-22-0554_2.png,B268787.png
00001-22-0555_1.png,B236400.png
00001-22-0555_1.png,B277545.png
00001-22-0556_1.png,B236836.png
00001-22-0557_1.png,B273075.png
00001-22-0557_1.png,B272694.png
00001-22-0557_2.png,B272694.png
00001-22-0557_2.png,B273075.png
00001-22-0563_1.png,B271215.png
00001-22-0564_1.png,B236532.png
00001-22-0565_1.png,B265520.png
00001-22-0566_1.png,B236400.png
00001-22-0566_1.png,B277545.png
00001-22-0568_1.png,B274656.png
00001-22-0569_2.png,B270274.png
00001-22-0569_3.png,B270274.png
00001-22-0570_1.png,B236836.png
00001-22-0573_1.png,B275221.png
00001-22-0574_1.png,B243082.png
00001-22-0575_1.png,B266626.png
00001-22-0575_1.png,B283797.png
00001-22-0575_3.png,B266626.png
00001-22-0575_3.png,B283797.png
00001-22-0576_1.png,B256614.png
00001-22-0576_1.png,B264410.png
00001-22-0577_1.png,B284551.png
00001-22-0577_1.png,B216933.png
00001-22-0577_2.png,B273591.png
00001-22-0577_3.png,B243501.png
00001-22-0577_4.png,B284710.png
00001-22-0577_5.png,B270727.png
00001-22-0579_1.png,B274951.png
00001-22-0580_1.png,B235280.png
00001-22-0580_1.png,B240396.png
00001-22-0580_2.png,B235280.png
00001-22-0580_2.png,B240396.png
00001-22-0581_1.png,B275221.png
00001-22-0583_1.png,B264567.png
00001-22-0583_2.png,B264567.png
22-581 경기남부경찰청.png,B269624.png
00001-22-0587_2.png,B284811.png
00001-22-0589_1.png,B273075.png
00001-22-0589_1.png,B272694.png
00001-22-0590_1.png,B275178.png
00001-22-0593_1.png,B278726.png
00001-22-0593_2.png,B278726.png
00001-22-0594_1.png,B272608.png
00001-22-0594_2.png,B272608.png
00001-22-0595_1.png,B261455.png
00001-22-0595_1.png,B281952.png
00001-22-0595_1.png,B261455.png
00001-22-0597_2.png,B243675.png
00001-22-0597_2.png,B233522.png
00001-22-0597_2.png,B238213.png
00001-22-0597_2.png,B265085.png
00001-22-0598_1.png,B275221.png
00001-22-0599_1.png,B275659.png
00001-22-0600_1.png,B216933.png
00001-22-0600_1.png,B284551.png
00001-22-0600_1.png,B279961.png
00001-22-0601_1.png,B278726.png
00001-22-0601_2.png,B278726.png
00001-22-0604_1.png,B240331.png
00001-22-0605_1.png,B231853.png
00001-22-0605_1.png,B245337.png
00001-22-0606_1.png,B275221.png
00001-22-0607_1.png,B233866.png
00001-22-0607_1.png,B243931.png
00001-22-0608_1.png,B285312.png
00001-22-0610_1.png,B285312.png
00001-22-0612_1.png,B255039.png
00001-22-0612_1.png,B255197.png
00001-22-0613_1.png,B248512.png
00001-22-0615_1.png,B260721.png
00001-22-0615_2.png,B260721.png
00001-22-0617_1.png,B256343.png
00001-22-0617_1.png,B270302.png
00001-22-0619_1.png,B263019.png
00001-22-0619_1.png,B268903.png
00001-22-0620_1.png,B285312.png
00001-22-0621_1.png,B276279.png
00001-22-0622_1.png,B271735.png
00001-22-0624_1.png,B264932.png
22-622 부산경찰청.png,B284853.png
00001-22-0626_1.png,B211757.png
00001-22-0627_1.png,B273591.png
00001-22-0629_1.png,B284588.png
22-628 경남경찰청1-2.png,B275334.png
00001-22-0634_1.png,B272782.png
00001-22-0635_1.png,B249888.png
00001-22-0636_1.png,B269907.png
00001-22-0638_1.png,B262820.png
00001-22-0638_1.png,B268871.png
00001-22-0638_1.png,B242981.png
00001-22-0641_1.png,B260721.png
00001-22-0641_2.png,B260721.png
00001-22-0642_1.png,B266626.png
00001-22-0642_1.png,B283797.png
00001-22-0645_2.png,B248512.png
00001-22-0648_1.png,B258656.png
00001-22-0648_2.png,B258656.png
00001-22-0650_1.png,B285824.png
00001-22-0655_1.png,B275118.png
00001-22-0655_1.png,B263964.png
00001-22-0655_1.png,B224542.png
00001-22-0655_1.png,B275118.png
00001-22-0655_1.png,B263964.png
00001-22-0655_1.png,B224542.png
00001-22-0655_1.png,B284710.png
00001-22-0655_2.png,B224542.png
00001-22-0655_2.png,B263964.png
00001-22-0655_2.png,B275118.png
00001-22-0655_2.png,B224542.png
00001-22-0655_2.png,B263964.png
00001-22-0655_2.png,B275118.png
00001-22-0655_2.png,B284710.png
00001-22-0655_3.png,B284710.png
00001-22-0655_3.png,B275118.png
00001-22-0655_3.png,B224542.png
00001-22-0655_3.png,B275118.png
00001-22-0655_3.png,B263964.png
00001-22-0655_3.png,B224542.png
00001-22-0655_3.png,B284710.png
00001-22-0664_1.png,B211067.png
00001-22-0664_1.png,B258527.png
00001-22-0664_1.png,B275659.png
00001-22-0666_1.png,B260721.png
00001-22-0666_2.png,B260721.png
00001-22-0668_1.png,B259633.png
00001-22-0668_1.png,B243828.png
00001-22-0668_1.png,B228165.png
00001-22-0670_1.png,B275178.png
00001-22-0671_1.png,B236532.png
00001-22-0675_1.png,B266184.png
00001-22-0675_1.png,B264780.png
00001-22-0675_1.png,B268579.png
00001-22-0677_3.png,B283239.png
00001-22-0677_3.png,B281990.png
00001-22-0678_1.png,B235776.png
00001-22-0678_1.png,B249383.png
00001-22-0678_1.png,B251072.png
00001-22-0678_1.png,B249383.png
00001-22-0678_2.png,B251072.png
00001-22-0678_2.png,B235776.png
00001-22-0678_2.png,B249383.png
00001-22-0678_2.png,B251072.png
00001-22-0678_2.png,B235776.png
00001-22-0679_1.png,B250945.png
00001-22-0679_1.png,B250945.png
00001-22-0680_1.png,B236400.png
00001-22-0680_1.png,B242306.png
00001-22-0680_1.png,B277545.png
00001-22-0684_1.png,B224542.png
00001-22-0685_1.png,B272612.png
00001-22-0686_1.png,B284588.png
00001-22-0690_1.png,B276366.png
00001-22-0691_1.png,B268579.png
00001-22-0691_1.png,B264780.png
00001-22-0691_1.png,B267136.png
00001-22-0692_1.png,B277548.png
00001-22-0693_1.png,B266626.png
00001-22-0693_1.png,B283797.png
00001-22-0693_2.png,B266626.png
00001-22-0693_2.png,B283797.png
00001-22-0693_3.png,B266626.png
00001-22-0693_3.png,B283797.png
00001-22-0695_1.png,B284710.png
00001-22-0695_1.png,B224542.png
00001-22-0695_1.png,B275129.png
00001-22-0698_1.png,B275175.png
00001-22-0699_1.png,B250785.png
00001-22-0699_2.png,B266626.png
00001-22-0699_2.png,B283797.png
00001-22-0699_3.png,B266116.png
00001-22-0700_1.png,B284282.png
00001-22-0701_1.png,B231642.png
00001-22-0702_2.png,B220717.png
00001-22-0702_2.png,B221854.png
00001-22-0705_1.png,B264932.png
00001-22-0709_1.png,B274710.png
00001-22-0709_1.png,B240582.png
00001-22-0715_1.png,B270273.png
00001-22-0715_2.png,B270273.png
00001-22-0716_1.png,B285826.png
00001-22-0716_2.png,B285826.png
00001-22-0717_1.png,B273819.png
00001-22-0717_1.png,B232775.png
00001-22-0718_1.png,B236532.png
00001-22-0718_1.png,B275385.png
00001-22-0718_1.png,B236532.png
00001-22-0719_1.png,B271735.png
00001-22-0719_2.png,B271735.png
00001-22-0720_1.png,B247743.png
00001-22-0720_1.png,B248979.png
00001-22-0721_1.png,B240479.png
00001-22-0721_1.png,B243957.png
00001-22-0721_1.png,B240479.png
00001-22-0721_1.png,B243957.png
00001-22-0723_1.png,B285827.png
00001-22-0723_2.png,B285827.png
00001-22-0725_1.png,B240479.png
00001-22-0725_1.png,B243957.png
00001-22-0726_1.png,B284551.png
00001-22-0726_1.png,B265500.png
00001-22-0726_1.png,B263292.png
00001-22-0726_1.png,B216597.png
00001-22-0728_1.png,B231412.png
00001-22-0728_1.png,B249736.png
00001-22-0728_1.png,B231412.png
00001-22-0728_1.png,B249736.png
00001-22-0729_1.png,B221592.png
00001-22-0729_1.png,B226646.png
00001-22-0729_1.png,B279961.png
00001-22-0729_1.png,B265500.png
00001-22-0729_1.png,B216597.png
00001-22-0729_1.png,B284551.png
00001-22-0729_1.png,B279961.png
00001-22-0729_1.png,B216597.png
00001-22-0731_1.png,B270763.png
00001-22-0733_1.png,B266626.png
00001-22-0733_1.png,B283797.png
00001-22-0734_1.png,B285828.png
00001-22-0735_2.png,B285830.png
00001-22-0736_1.png,B245635.png
00001-22-0738_1.png,B284551.png
00001-22-0738_1.png,B279961.png
00001-22-0738_1.png,B263292.png
00001-22-0739_3.png,B271735.png
00001-22-0740_1.png,B270449.png
00001-22-0742_1.png,B266626.png
00001-22-0742_1.png,B283797.png
00001-22-0743_2.png,B258544.png
00001-22-0744_1.png,B227402.png
00001-22-0745_1.png,B270757.png
00001-22-0749_1.png,B284551.png
00001-22-0749_1.png,B279961.png
00001-22-0750_1.png,B238866.png
00001-22-0751_1.png,B275129.png
00001-22-0751_1.png,B264929.png
00001-22-0751_1.png,B263964.png
00001-22-0751_1.png,B224542.png
00001-22-0754_1.png,B271735.png
00001-22-0754_2.png,B284710.png
00001-22-0754_2.png,B224542.png
00001-22-0754_2.png,B263964.png
00001-22-0754_2.png,B275129.png
00001-22-0755_1.png,B284551.png
00001-22-0756_1.png,B227523.png
00001-22-0756_1.png,B243997.png
00001-22-0756_2.png,B243997.png
00001-22-0756_2.png,B227523.png
00001-22-0756_3.png,B280129.png
00001-22-0757_1.png,B270845.png
00001-22-0759_1.png,B265534.png
00001-22-0760_2.png,B264933.png
00001-22-0761_1.png,B237953.png
00001-22-0761_1.png,B257784.png
00001-22-0761_1.png,B220312.png
00001-22-0761_1.png,B217465.png
00001-22-0762_1.png,B273719.png
00001-22-0762_2.png,B284710.png
00001-22-0762_3.png,B286335.png
00001-22-0763_2.png,B271735.png
00001-22-0763_4.png,B271735.png
00001-22-0763_7.png,B228389.png
00001-22-0763_8.png,B228389.png
00001-22-0764_1.png,B236518.png
00001-22-0764_1.png,B248745.png
00001-22-0764_1.png,B248116.png
00001-22-0764_1.png,B265684.png
00001-22-0764_1.png,B248745.png
00001-22-0764_1.png,B248116.png
00001-22-0764_1.png,B265684.png
00001-22-0766_1.png,B249372.png
00001-22-0768_1.png,B284710.png
00001-22-0768_1.png,B263964.png
00001-22-0768_1.png,B275129.png
00001-22-0769_1.png,B239924.png
00001-22-0770_1.png,B279632.png
00001-22-0786_1.png,B249069.png
00001-22-0788_1.png,B266116.png
00001-22-0791_1.png,B286337.png
00001-22-0792_1.png,B237306.png
00001-22-0792_1.png,B268057.png
00001-22-0793_1.png,B271735.png
00001-22-0796_1.png,B279572.png
00001-22-0797_1.png,B267801.png
00001-22-0797_1.png,B264519.png
00001-22-0797_1.png,B268544.png
00001-22-0799_1.png,B262820.png
00001-22-0800_1.png,B275175.png
00001-22-0803_1.png,B248143.png
00001-22-0803_1.png,B270763.png
00001-22-0803_1.png,B274764.png
00001-22-0804_1.png,B244776.png
00001-22-0807_1.png,B271735.png
00001-22-0809_1.png,B270757.png
00001-22-0810_1.png,B263390.png
00001-22-0811_1.png,B253868.png
00001-22-0813_1.png,B273737.png
00001-22-0814_1.png,B282008.png
00001-22-0814_2.png,B282008.png
00001-22-0815_1.png,B263964.png
00001-22-0815_1.png,B275118.png
00001-22-0815_1.png,B275129.png
00001-22-0815_1.png,B284710.png
00001-22-0817_1.png,B253868.png
00001-22-0817_2.png,B276155.png
00001-22-0818_1.png,B265103.png
00001-22-0820_1.png,B266116.png
00001-22-0824_1.png,B284710.png
00001-22-0824_1.png,B224542.png
00001-22-0824_1.png,B263964.png
00001-22-0824_1.png,B275129.png
00001-22-0824_2.png,B284352.png
00001-22-0824_2.png,B272812.png
00001-22-0824_2.png,B273703.png
00001-22-0826_1.png,B269203.png
00001-22-0826_1.png,B251003.png
00001-22-0828_1.png,B210563.png
00001-22-0830_1.png,B248145.png
00001-22-0830_1.png,B243957.png
00001-22-0831_1.png,B224542.png
00001-22-0831_1.png,B264929.png
00001-22-0831_1.png,B275129.png
22-803 경북경찰청2.png,B224542.png
22-803 경북경찰청2.png,B264929.png
22-803 경북경찰청2.png,B275129.png
00001-22-0832_1.png,B281538.png
00001-22-0833_1.png,B253868.png
00001-22-0833_2.png,B253868.png
00001-22-0833_3.png,B253868.png
00001-22-0835_1.png,B273094.png
00001-22-0836_1.png,B268996.png
00001-22-0836_1.png,B239779.png
00001-22-0836_1.png,B268996.png
00001-22-0840_1.png,B271735.png
00001-22-0841_1.png,B264928.png
00001-22-0841_1.png,B283795.png
00001-22-0841_1.png,B224539.png
00001-22-0842_2.png,B284600.png
00001-22-0842_4.png,B284600.png
00001-22-0843_1.png,B286654.png
00001-22-0844_1.png,B273094.png
00001-22-0844_2.png,B273094.png
00001-22-0845_2.png,B286818.png
00001-22-0852_3.png,B273094.png
00001-22-0852_3.png,B286338.png
00001-22-0853_2.png,B264788.png
00001-22-0855_1.png,B211505.png
00001-22-0856_1.png,B284588.png
00001-22-0857_2.png,B251003.png
00001-22-0857_3.png,B251003.png
00001-22-0858_1.png,B251003.png
00001-22-0859_1.png,B210172.png
00001-22-0859_2.png,B210172.png
00001-22-0860_1.png,B267136.png
00001-22-0860_1.png,B268579.png
00001-22-0863_1.png,B243931.png
00001-22-0864_1.png,B269542.png
00001-22-0865_1.png,B284131.png
00001-22-0865_1.png,B275007.png
00001-22-0866_1.png,B236836.png
00001-22-0869_1.png,B273737.png
00001-22-0870_1.png,B233866.png
00001-22-0870_1.png,B243931.png
00001-22-0871_1.png,B271797.png
00001-22-0871_2.png,B271797.png
00001-22-0871_3.png,B271797.png
00001-22-0871_4.png,B271797.png
00001-22-0876_1.png,B251848.png
00001-22-0879_1.png,B239461.png
00001-22-0880_1.png,B228389.png
00001-22-0881_1.png,B270273.png
00001-22-0881_2.png,B270273.png
00001-22-0884_1.png,B275887.png
00001-22-0885_1.png,B211505.png
00001-22-0888_1.png,B230710.png
00001-22-0888_2.png,B230710.png
00001-22-0889_1.png,B284585.png
00001-22-0890_1.png,B270918.png
00001-22-0890_1.png,B268954.png
00001-22-0890_1.png,B257385.png
00001-22-0890_2.png,B224542.png
00001-22-0890_2.png,B263964.png
00001-22-0890_2.png,B275129.png
00001-22-0890_2.png,B284710.png
00001-22-0890_3.png,B262614.png
00001-22-0890_3.png,B280866.png
00001-22-0891_1.png,B271938.png
00001-22-0894_1.png,B251882.png
00001-22-0894_1.png,B270893.png
00001-22-0896_1.png,B283019.png
00001-22-0898_1.png,B285078.png
00001-22-0899_1.png,B256156.png
00001-22-0901_1.png,B219581.png
00001-22-0901_1.png,B249127.png
00001-22-0901_2.png,B219581.png
00001-22-0901_2.png,B249127.png
00001-22-0903_1.png,B249674.png
00001-22-0905_1.png,B267441.png
00001-22-0905_2.png,B267441.png
00001-22-0905_2.png,B267441.png
00001-22-0905_3.png,B267441.png
00001-22-0906_1.png,B286841.png
00001-22-0907_1.png,B286841.png
00001-22-0907_2.png,B286841.png
00001-22-0908_1.png,B286841.png
00001-22-0909_1.png,B269596.png
00001-22-0909_3.png,B269596.png
00001-22-0913_1.png,B210366.png
00001-22-0913_1.png,B211310.png
00001-22-0913_1.png,B212792.png
00001-22-0913_1.png,B261777.png
22-886 전북경찰청1-2(914).png,B286002.png
00001-22-0915_1.png,B286093.png
00001-22-0916_1.png,B259624.png
00001-22-0916_1.png,B264613.png
00001-22-0916_1.png,B273645.png
00001-22-0919_1.png,B211260.png
00001-22-0919_1.png,B280931.png
00001-22-0919_1.png,B281861.png
00001-22-0919_1.png,B270763.png
00001-22-0921_1.png,B286184.png
00001-22-0921_2.png,B276277.png
00001-22-0921_3.png,B272536.png
00001-22-0921_3.png,B272190.png
00001-22-0921_3.png,B259791.png
00001-22-0921_4.png,B282932.png
00001-22-0921_5.png,B275721.png
00001-22-0921_5.png,B282008.png
00001-22-0923_1.png,B276155.png
00001-22-0927_1.png,B255659.png
00001-22-0929_1.png,B252204.png
00001-22-0929_1.png,B253700.png
00001-22-0929_1.png,B269839.png
00001-22-0930_1.png,B274710.png
00001-22-0930_1.png,B274572.png
00001-22-0930_2.png,B274572.png
00001-22-0930_2.png,B274710.png
00001-22-0932_1.png,B273591.png
00001-22-0933_1.png,B270704.png
00001-22-0934_1.png,B268914.png
00001-22-0934_1.png,B275217.png
00001-22-0935_1.png,B276155.png
00001-22-0935_2.png,B276155.png
00001-22-0935_3.png,B276155.png
00001-22-0935_4.png,B274764.png
00001-22-0935_4.png,B211260.png
00001-22-0935_4.png,B270763.png
00001-22-0937_1.png,B228280.png
00001-22-0940_1.png,B255659.png
00001-22-0941_1.png,B273472.png
00001-22-0941_2.png,B273472.png
00001-22-0941_3.png,B273472.png
00001-22-0945_1.png,B273591.png
00001-22-0946_1.png,B269696.png
00001-22-0946_2.png,B269696.png
00001-22-0946_3.png,B269696.png
00001-22-0947_1.png,B271560.png
00001-22-0948_1.png,B281540.png
00001-22-0950_1.png,B286073.png
00001-22-0953_1.png,B274586.png
00001-22-0953_1.png,B232309.png
00001-22-0953_2.png,B274963.png
00001-22-0956_1.png,B272234.png
00001-22-0957_1.png,B240360.png
00001-22-0957_1.png,B280069.png
00001-22-0957_1.png,B252126.png
00001-22-0958_1.png,B269696.png
00001-22-0959_1.png,B286002.png
00001-22-0960_1.png,B269096.png
00001-22-0961_1.png,B272234.png
00001-22-0961_2.png,B272234.png
00001-22-0962_1.png,B207105.png
00001-22-0962_1.png,B273075.png
00001-22-0963_1.png,B283710.png
00001-22-0964_1.png,B265821.png
00001-22-0964_1.png,B280659.png
00001-22-0964_1.png,B283236.png
00001-22-0965_1.png,B280659.png
00001-22-0965_1.png,B283236.png
00001-22-0965_1.png,B265821.png
00001-22-0966_1.png,B231946.png
00001-22-0966_1.png,B224562.png
00001-22-0966_2.png,B231946.png
00001-22-0966_2.png,B224562.png
00001-22-0967_1.png,B272410.png
00001-22-0967_1.png,B285119.png
00001-22-0967_1.png,B284525.png
00001-22-0967_1.png,B274754.png
00001-22-0968_1.png,B275200.png
00001-22-0970_1.png,B283710.png
00001-22-0972_1.png,B270583.png
00001-22-0972_2.png,B270583.png
00001-22-0972_3.png,B270583.png
00001-22-0973_2.png,B271735.png
00001-22-0976_1.png,B275210.png
00001-22-0977_1.png,B261490.png
00001-22-0977_1.png,B257784.png
00001-22-0977_1.png,B271073.png
00001-22-0977_2.png,B257784.png
00001-22-0977_2.png,B261490.png
00001-22-0977_2.png,B271073.png
00001-22-0978_1.png,B211593.png
00001-22-0978_1.png,B212876.png
00001-22-0978_2.png,B211593.png
00001-22-0978_2.png,B212876.png
00001-23-0002_1.png,B268967.png
00001-23-0002_1.png,B265795.png
00001-23-0002_1.png,B263093.png
00001-23-0002_1.png,B239215.png
00001-23-0002_1.png,B233261.png
00001-23-0004_1.png,B248512.png
00001-23-0004_2.png,B248512.png
00001-23-0005_1.png,B246898.png
00001-23-0006_1.png,B276294.png
00001-23-0006_1.png,B246412.png
00001-23-0007_1.png,B280659.png
00001-23-0007_1.png,B283236.png
00001-23-0007_1.png,B265821.png
00001-23-0008_1.png,B266116.png
00001-23-0009_1.png,B265821.png
00001-23-0009_1.png,B280659.png
00001-23-0009_1.png,B283236.png
00001-23-0010_1.png,B242825.png
00001-23-0010_1.png,B271073.png
00001-23-0010_1.png,B257784.png
00001-23-0010_1.png,B245477.png
00001-23-0011_1.png,B265498.png
00001-23-0011_1.png,B242276.png
00001-23-0011_1.png,B227332.png
00001-23-0015_1.png,B267829.png
00001-23-0016_1.png,B224542.png
00001-23-0016_1.png,B263964.png
00001-23-0016_1.png,B275129.png
00001-23-0016_1.png,B284710.png
00001-23-0017_1.png,B271073.png
00001-23-0017_1.png,B241710.png
00001-23-0017_1.png,B257784.png
00001-23-0017_1.png,B259629.png
00001-23-0018_1.png,B265821.png
00001-23-0018_1.png,B283236.png
00001-23-0018_1.png,B280659.png
00001-23-0019_1.png,B265821.png
00001-23-0019_1.png,B280659.png
00001-23-0019_1.png,B283236.png
00001-23-0019_2.png,B280659.png
00001-23-0019_2.png,B265821.png
00001-23-0021_1.png,B269963.png
00001-23-0022_1.png,B222560.png
00001-23-0023_1.png,B269832.png
00001-23-0023_1.png,B219611.png
00001-23-0023_2.png,B219611.png
00001-23-0023_2.png,B269832.png
00001-23-0025_1.png,B276874.png
00001-23-0026_1.png,B232008.png
00001-23-0026_1.png,B241292.png
00001-23-0026_1.png,B234095.png
00001-23-0027_1.png,B271735.png
00001-23-0028_2.png,B269067.png
00001-23-0030_1.png,B285024.png
00001-23-0031_1.png,B265903.png
00001-23-0032_1.png,B273491.png
00001-23-0032_2.png,B273491.png
00001-23-0035_1.png,B222560.png
00001-23-0036_1.png,B277549.png
00001-23-0037_1.png,B275366.png
00001-23-0038_1.png,B265550.png
00001-23-0041_2.png,B264932.png
00001-23-0042_1.png,B248097.png
00001-23-0042_1.png,B265498.png
00001-23-0043_1.png,B284268.png
00001-23-0045_1.png,B284796.png
00001-23-0046_1.png,B262717.png
00001-23-0046_1.png,B279873.png
00001-23-0046_1.png,B281946.png
00001-23-0046_1.png,B282548.png
00001-23-0047_1.png,B284551.png
00001-23-0047_1.png,B279961.png
00001-23-0048_1.png,B283713.png
00001-23-0049_1.png,B275366.png
00001-23-0050_1.png,B286935.png
00001-23-0051_1.png,B246544.png
00001-23-0052_1.png,B281845.png
00001-23-0052_1.png,B276213.png
00001-23-0052_1.png,B276214.png
00001-23-0053_1.png,B239406.png
00001-23-0053_1.png,B275749.png
00001-23-0055_1.png,B263965.png
00001-23-0055_1.png,B275149.png
00001-23-0056_1.png,B273491.png
22-56 전북경찰청1-2.png,B273491.png
00001-23-0057_2.png,B284574.png
00001-23-0057_2.png,B284551.png
00001-23-0057_2.png,B284489.png
00001-23-0057_2.png,B284488.png
00001-23-0057_2.png,B284485.png
00001-23-0057_2.png,B284480.png
00001-23-0057_2.png,B284479.png
00001-23-0058_1.png,B284710.png
00001-23-0058_1.png,B224542.png
00001-23-0058_1.png,B263964.png
00001-23-0058_1.png,B275129.png
00001-23-0059_1.png,B277651.png
00001-23-0060_1.png,B265684.png
00001-23-0060_1.png,B236518.png
00001-23-0060_1.png,B248116.png
00001-23-0060_1.png,B248745.png
00001-23-0061_1.png,B287854.png
00001-23-0064_1.png,B272692.png
00001-23-0064_2.png,B272692.png
00001-23-0064_4.png,B269765.png
00001-23-0066_1.png,B245685.png
00001-23-0067_1.png,B262010.png
00001-23-0067_1.png,B271728.png
00001-23-0068_1.png,B283713.png
00001-23-0069_1.png,B277737.png
00001-23-0072_2.png,B284291.png
00001-23-0073_1.png,B284527.png
00001-23-0073_1.png,B259808.png
00001-23-0073_1.png,B248730.png
00001-23-0073_1.png,B249334.png
00001-23-0074_1.png,B287859.png
00001-23-0076_1.png,B259633.png
00001-23-0076_1.png,B228165.png
00001-23-0076_1.png,B243828.png
00001-23-0076_1.png,B282490.png
00001-23-0076_1.png,B275025.png
23-77 대구경찰청1.png,B282531.png
00001-23-0078_1.png,B224542.png
00001-23-0078_1.png,B263964.png
00001-23-0078_1.png,B275129.png
00001-23-0078_1.png,B284710.png
00001-23-0078_2.png,B279282.png
00001-23-0079_1.png,B251592.png
00001-23-0079_2.png,B251592.png
00001-23-0080_1.png,B251592.png
00001-23-0083_1.png,B271735.png
00001-23-0084_1.png,B275366.png
00001-23-0085_1.png,B230306.png
00001-23-0085_1.png,B238489.png
00001-23-0085_1.png,B244475.png
00001-23-0086_1.png,B265684.png
00001-23-0086_1.png,B239772.png
00001-23-0086_1.png,B248745.png
00001-23-0086_1.png,B248116.png
00001-23-0086_1.png,B236518.png
00001-23-0089_1.png,B284600.png
00001-23-0091_1.png,B275739.png
00001-23-0092_1.png,B272786.png
00001-23-0095_1.png,B284592.png
00001-23-0096_1.png,B251592.png
00001-23-0097_1.png,B251592.png
00001-23-0099_1.png,B287855.png
00001-23-0102_1.png,B284588.png
00001-23-0104_1.png,B287855.png
00001-23-0105_1.png,B224542.png
00001-23-0105_1.png,B275118.png
00001-23-0105_1.png,B275129.png
00001-23-0106_1.png,B272944.png
00001-23-0107_1.png,B288180.png
00001-23-0109_1.png,B275759.png
00001-23-0110_1.png,B269390.png
00001-23-0111_1.png,B275759.png
00001-23-0112_1.png,B251592.png
00001-23-0113_1.png,B278199.png
00001-23-0113_1.png,B265660.png
00001-23-0114_2.png,B270273.png
00001-23-0116_1.png,B276155.png
00001-23-0117_1.png,B272944.png
00001-23-0118_1.png,B276294.png
00001-23-0121_1.png,B251592.png
00001-23-0123_1.png,B240062.png
00001-23-0123_1.png,B264601.png
00001-23-0123_1.png,B268738.png
00001-23-0123_2.png,B264601.png
00001-23-0123_2.png,B268738.png
00001-23-0123_2.png,B240062.png
00001-23-0124_1.png,B224542.png
00001-23-0124_1.png,B284710.png
00001-23-0124_1.png,B275129.png
00001-23-0124_1.png,B275118.png
00001-23-0124_1.png,B263964.png
00001-23-0125_1.png,B251592.png
00001-23-0126_1.png,B263965.png
00001-23-0126_1.png,B275149.png
00001-23-0126_2.png,B264929.png
00001-23-0126_2.png,B224542.png
00001-23-0126_2.png,B263964.png
00001-23-0126_3.png,B264929.png
00001-23-0126_3.png,B263964.png
00001-23-0126_3.png,B224542.png
00001-23-0127_1.png,B275149.png
00001-23-0127_1.png,B263965.png
00001-23-0128_1.png,B263292.png
00001-23-0128_1.png,B284551.png
00001-23-0128_1.png,B283220.png
00001-23-0129_1.png,B218173.png
00001-23-0131_1.png,B251592.png
00001-23-0132_1.png,B251592.png
00001-23-0132_2.png,B251592.png
00001-23-0132_3.png,B251592.png
00001-23-0132_4.png,B251592.png
00001-23-0134_1.png,B268738.png
00001-23-0134_1.png,B264601.png
00001-23-0134_1.png,B240062.png
00001-23-0136_1.png,B269082.png
00001-23-0136_1.png,B270346.png
00001-23-0136_1.png,B274830.png
00001-23-0138_1.png,B251592.png
00001-23-0139_2.png,B271735.png
00001-23-0140_1.png,B236313.png
00001-23-0140_1.png,B213869.png
00001-23-0140_1.png,B229008.png
00001-23-0140_1.png,B227373.png
00001-23-0142_1.png,B284658.png
00001-23-0142_1.png,B284658.png
00001-23-0143_1.png,B227429.png
00001-23-0144_1.png,B284593.png
00001-23-0144_2.png,B269296.png
00001-23-0146_1.png,B271735.png
00001-23-0147_1.png,B271735.png
00001-23-0149_1.png,B272234.png
00001-23-0151_1.png,B276155.png
00001-23-0151_2.png,B276155.png
00001-23-0155_1.png,B280505.png
00001-23-0159_1.png,B284710.png
00001-23-0159_1.png,B224542.png
00001-23-0159_1.png,B263964.png
00001-23-0159_1.png,B275129.png
00001-23-0160_1.png,B277685.png
00001-23-0163_1.png,B283713.png
00001-23-0164_1.png,B288031.png
00001-23-0166_1.png,B247536.png
00001-23-0167_2.png,B257385.png
00001-23-0168_1.png,B277737.png
00001-23-0170_1.png,B286094.png
00001-23-0171_1.png,B282189.png
00001-23-0171_2.png,B282189.png
00001-23-0174_1.png,B211260.png
00001-23-0174_1.png,B274764.png
00001-23-0174_1.png,B270763.png
00001-23-0175_1.png,B273696.png
00001-23-0178_1.png,B255197.png
00001-23-0178_1.png,B255039.png
00001-23-0178_2.png,B263965.png
00001-23-0178_2.png,B275149.png
00001-23-0178_3.png,B263965.png
00001-23-0178_3.png,B275149.png
00001-23-0179_1.png,B255039.png
00001-23-0179_1.png,B255197.png
00001-23-0182_1.png,B283795.png
00001-23-0182_1.png,B255039.png
00001-23-0182_1.png,B255197.png
00001-23-0182_1.png,B264926.png
00001-23-0183_1.png,B270763.png
00001-23-0183_1.png,B274764.png
00001-23-0183_2.png,B269256.png
00001-23-0185_1.png,B280392.png
00001-23-0186_1.png,B236532.png
00001-23-0188_1.png,B273870.png
00001-23-0189_2.png,B269684.png
00001-23-0191_1.png,B239406.png
00001-23-0191_1.png,B275749.png
00001-23-0193_1.png,B276155.png
00001-23-0193_2.png,B276155.png
00001-23-0195_1.png,B284551.png
00001-23-0195_1.png,B216933.png
00001-23-0198_1.png,B244824.png
00001-23-0199_1.png,B267452.png
00001-23-0201_1.png,B227860.png
00001-23-0202_1.png,B273861.png
00001-23-0204_1.png,B264351.png
23-205 대전경찰청2.png,B271735.png
00001-23-0206_1.png,B284990.png
00001-23-0207_1.png,B282604.png
00001-23-0208_1.png,B282604.png
00001-23-0210_1.png,B272094.png
00001-23-0211_1.png,B233533.png
00001-23-0213_1.png,B265345.png
00001-23-0213_2.png,B265345.png
00001-23-0214_1.png,B216933.png
00001-23-0214_1.png,B283220.png
00001-23-0214_1.png,B284551.png
00001-23-0216_1.png,B288680.png
00001-23-0217_1.png,B246654.png
00001-23-0218_1.png,B284600.png
00001-23-0219_2.png,B276155.png
23-220 강원경찰청.png,B288802.png
00001-23-0221_1.png,B284648.png
00001-23-0223_1.png,B271735.png
00001-23-0224_1.png,B266116.png
00001-23-0225_2.png,B269296.png
00001-23-0225_3.png,B269296.png
00001-23-0227_1.png,B275210.png
00001-23-0227_2.png,B275210.png
00001-23-0227_3.png,B275210.png
00001-23-0228_1.png,B255000.png
00001-23-0230_1.png,B263045.png
00001-23-0231_1.png,B269684.png
00001-23-0232_1.png,B207111.png
00001-23-0233_1.png,B263965.png
00001-23-0233_1.png,B275149.png
00001-23-0234_1.png,B205482.png
00001-23-0234_1.png,B205938.png
00001-23-0234_1.png,B206731.png
00001-23-0234_1.png,B207394.png
00001-23-0234_1.png,B207395.png
00001-23-0234_1.png,B209303.png
00001-23-0234_2.png,B209303.png
00001-23-0234_2.png,B207395.png
00001-23-0234_2.png,B207394.png
00001-23-0234_2.png,B206731.png
00001-23-0234_2.png,B205938.png
00001-23-0234_2.png,B205482.png
00001-23-0235_1.png,B264351.png
00001-23-0236_1.png,B265562.png
00001-23-0236_2.png,B265562.png
00001-23-0239_1.png,B286002.png
00001-23-0239_2.png,B286002.png
00001-23-0241_1.png,B272694.png
00001-23-0241_1.png,B273075.png
00001-23-0242_1.png,B270871.png
00001-23-0244_2.png,B273044.png
00001-23-0244_2.png,B247747.png
00001-23-0245_1.png,B268350.png
00001-23-0246_1.png,B288803.png
00001-23-0247_1.png,B267819.png
00001-23-0247_1.png,B274821.png
00001-23-0248_1.png,B286446.png
00001-23-0249_1.png,B266116.png
00001-23-0250_1.png,B275504.png
00001-23-0250_2.png,B269655.png
00001-23-0250_2.png,B276208.png
00001-23-0250_2.png,B276209.png
00001-23-0250_2.png,B276530.png
00001-23-0250_2.png,B284631.png
00001-23-0250_3.png,B275504.png
00001-23-0253_1.png,B275504.png
00001-23-0256_1.png,B282523.png
00001-23-0257_1.png,B259014.png
00001-23-0262_1.png,B261390.png
00001-23-0262_2.png,B261390.png
00001-23-0262_3.png,B261390.png
00001-23-0262_4.png,B261390.png
00001-23-0266_1.png,B248512.png
00001-23-0266_2.png,B248512.png
00001-23-0267_1.png,B212879.png
00001-23-0267_2.png,B212879.png
00001-23-0269_1.png,B284631.png
00001-23-0269_1.png,B276530.png
00001-23-0269_1.png,B276209.png
00001-23-0269_1.png,B276208.png
00001-23-0269_1.png,B269655.png
00001-23-0272_1.png,B250785.png
00001-23-0272_1.png,B269655.png
00001-23-0273_2.png,B229990.png
00001-23-0273_2.png,B274774.png
00001-23-0275_1.png,B257011.png
00001-23-0275_1.png,B282469.png
00001-23-0275_1.png,B283223.png
00001-23-0276_1.png,B286649.png
00001-23-0278_1.png,B242699.png
00001-23-0279_1.png,B240528.png
00001-23-0281_1.png,B274649.png
00001-23-0281_2.png,B274649.png
00001-23-0282_1.png,B276536.png
23-282 서울경찰청1-2.png,B276536.png
23-282 서울경찰청1-3.png,B276536.png
23-282 서울경찰청1-4.png,B276536.png
00001-23-0283_1.png,B284405.png
00001-23-0283_2.png,B284405.png
00001-23-0285_1.png,B282032.png
00001-23-0285_1.png,B257050.png
00001-23-0285_1.png,B248743.png
00001-23-0285_1.png,B232490.png
00001-23-0285_1.png,B222884.png
00001-23-0286_1.png,B283220.png
00001-23-0286_1.png,B284551.png
00001-23-0286_1.png,B279961.png
00001-23-0286_2.png,B272154.png
00001-23-0286_2.png,B272642.png
00001-23-0286_2.png,B275964.png
00001-23-0287_1.png,B266116.png
00001-23-0287_2.png,B266116.png
00001-23-0288_1.png,B211203.png
00001-23-0289_1.png,B286814.png
00001-23-0289_2.png,B286814.png
00001-23-0290_1.png,B278653.png
00001-23-0292_1.png,B283220.png
00001-23-0292_1.png,B284551.png
00001-23-0293_1.png,B220871.png
00001-23-0295_1.png,B284551.png
00001-23-0295_1.png,B216933.png
00001-23-0295_1.png,B283220.png
00001-23-0299_1.png,B272694.png
00001-23-0299_1.png,B207105.png
00001-23-0299_1.png,B208420.png
00001-23-0299_1.png,B273075.png
00001-23-0299_1.png,B246654.png
00001-23-0300_1.png,B266116.png
00001-23-0301_1.png,B224542.png
00001-23-0301_1.png,B263964.png
00001-23-0301_1.png,B275129.png
00001-23-0301_1.png,B284710.png
00001-23-0302_1.png,B264926.png
00001-23-0302_1.png,B255197.png
00001-23-0302_1.png,B255039.png
00001-23-0302_1.png,B283795.png
00001-23-0303_2.png,B274912.png
00001-23-0303_3.png,B277548.png
00001-23-0303_4.png,B279173.png
00001-23-0304_1.png,B273634.png
00001-23-0304_3.png,B266184.png
00001-23-0306_1.png,B285252.png
00001-23-0306_2.png,B213738.png
00001-23-0311_1.png,B245186.png
00001-23-0312_1.png,B283713.png
00001-23-0313_1.png,B287815.png
00001-23-0314_1.png,B208714.png
00001-23-0314_2.png,B276155.png
00001-23-0315_1.png,B240479.png
00001-23-0315_1.png,B248145.png
00001-23-0315_1.png,B243957.png
00001-23-0316_1.png,B240479.png
00001-23-0316_1.png,B243957.png
00001-23-0316_1.png,B248145.png
00001-23-0317_1.png,B277548.png
00001-23-0318_1.png,B269890.png
00001-23-0320_1.png,B266116.png
00001-23-0320_2.png,B266116.png
00001-23-0322_1.png,B272812.png
00001-23-0322_2.png,B272812.png
00001-23-0322_3.png,B272812.png
00001-23-0322_4.png,B272812.png
00001-23-0324_1.png,B272644.png
00001-23-0325_1.png,B274951.png
00001-23-0328_1.png,B271728.png
00001-23-0328_1.png,B285832.png
00001-23-0328_2.png,B272511.png
00001-23-0329_1.png,B243931.png
00001-23-0329_1.png,B233866.png
00001-23-0329_3.png,B233866.png
00001-23-0329_3.png,B243931.png
00001-23-0331_1.png,B236532.png
00001-23-0331_2.png,B236532.png
00001-23-0331_3.png,B236532.png
00001-23-0331_4.png,B236532.png
00001-23-0332_1.png,B272519.png
00001-23-0333_1.png,B281892.png
00001-23-0333_1.png,B250900.png
00001-23-0334_1.png,B284525.png
00001-23-0335_1.png,B281581.png
00001-23-0335_1.png,B284642.png
00001-23-0335_2.png,B281581.png
00001-23-0335_2.png,B284642.png
00001-23-0337_1.png,B273075.png
00001-23-0337_1.png,B272694.png
00001-23-0337_2.png,B273075.png
00001-23-0337_2.png,B272694.png
00001-23-0338_1.png,B251592.png
00001-23-0340_1.png,B269703.png
00001-23-0341_1.png,B273693.png
00001-23-0342_1.png,B275721.png
00001-23-0342_1.png,B282008.png
00001-23-0347_1.png,B271138.png
00001-23-0347_2.png,B271138.png
00001-23-0348_1.png,B284432.png
00001-23-0350_1.png,B249334.png
00001-23-0350_1.png,B284527.png
00001-23-0350_1.png,B271956.png
00001-23-0350_1.png,B264288.png
00001-23-0351_1.png,B225581.png
00001-23-0351_2.png,B225581.png
00001-23-0352_1.png,B284710.png
00001-23-0352_1.png,B224542.png
00001-23-0352_1.png,B263964.png
00001-23-0352_1.png,B275129.png
00001-23-0353_1.png,B270763.png
00001-23-0353_1.png,B274764.png
00001-23-0353_2.png,B270763.png
00001-23-0353_2.png,B274764.png
00001-23-0353_3.png,B249334.png
00001-23-0353_3.png,B284527.png
00001-23-0354_1.png,B285179.png
00001-23-0355_1.png,B216933.png
00001-23-0355_1.png,B283220.png
00001-23-0355_1.png,B284551.png
00001-23-0355_2.png,B271956.png
00001-23-0355_2.png,B284527.png
00001-23-0355_3.png,B280166.png
00001-23-0356_1.png,B283550.png
23-358 충북경찰청.png,B283220.png
23-358 충북경찰청.png,B284551.png
00001-23-0359_1.png,B216933.png
00001-23-0359_1.png,B283220.png
00001-23-0359_1.png,B284551.png
00001-23-0360_1.png,B223873.png
00001-23-0360_1.png,B269199.png
00001-23-0360_1.png,B221489.png
00001-23-0360_1.png,B236532.png
00001-23-0361_1.png,B287535.png
00001-23-0364_1.png,B285182.png
00001-23-0364_1.png,B266116.png
00001-23-0365_1.png,B279386.png
00001-23-0365_2.png,B284710.png
00001-23-0365_2.png,B224542.png
00001-23-0365_2.png,B275129.png
00001-23-0365_3.png,B279386.png
00001-23-0365_3.png,B283487.png
00001-23-0367_1.png,B288829.png
00001-23-0368_1.png,B277961.png
00001-23-0368_2.png,B277961.png
00001-23-0371_1.png,B286002.png
00001-23-0371_2.png,B286002.png
00001-23-0373_1.png,B262166.png
00001-23-0373_1.png,B268575.png
00001-23-0373_3.png,B262166.png
00001-23-0373_3.png,B268575.png
00001-23-0375_1.png,B214510.png
00001-23-0376_1.png,B231345.png
00001-23-0376_2.png,B231345.png
00001-23-0376_3.png,B231345.png
00001-23-0376_6.png,B231345.png
00001-23-0376_6.png,B280406.png
00001-23-0376_7.png,B280406.png
00001-23-0376_7.png,B231345.png
00001-23-0377_1.png,B272234.png
00001-23-0377_2.png,B272234.png
00001-23-0378_1.png,B270963.png
00001-23-0380_1.png,B266116.png
00001-23-0381_1.png,B267819.png
00001-23-0381_1.png,B274821.png
00001-23-0383_1.png,B270825.png
00001-23-0385_1.png,B272608.png
00001-23-0385_2.png,B272608.png
00001-23-0388_1.png,B284527.png
00001-23-0388_1.png,B271956.png
00001-23-0388_1.png,B264288.png
00001-23-0388_2.png,B271956.png
00001-23-0388_2.png,B284527.png
00001-23-0388_2.png,B264288.png
00001-23-0390_1.png,B284525.png
00001-23-0390_1.png,B227429.png
00001-23-0392_1.png,B273123.png
00001-23-0392_1.png,B275748.png
00001-23-0392_2.png,B275748.png
00001-23-0392_2.png,B273123.png
00001-23-0394_1.png,B271956.png
00001-23-0394_1.png,B284527.png
00001-23-0400_1.png,B286002.png
00001-23-0401_1.png,B273075.png
00001-23-0401_1.png,B272694.png
00001-23-0404_2.png,B271735.png
00001-23-0404_3.png,B273759.png
00001-23-0405_1.png,B285115.png
00001-23-0408_1.png,B287953.png
23-408 경기남부경찰청3.png,B287953.png
00001-23-0409_1.png,B276803.png
00001-23-0409_2.png,B279915.png
00001-23-0410_1.png,B243082.png
00001-23-0412_1.png,B271735.png
00001-23-0415_1.png,B286645.png
00001-23-0417_1.png,B248512.png
00001-23-0417_2.png,B248512.png
00001-23-0419_1.png,B215841.png
00001-23-0421_1.png,B274764.png
00001-23-0421_1.png,B270763.png
00001-23-0422_1.png,B284588.png
23-422 경기북부경찰청2(현장).png,B284588.png
00001-23-0425_1.png,B284525.png
00001-23-0427_1.png,B257892.png
00001-23-0427_2.png,B257892.png
00001-23-0430_1.png,B264780.png
00001-23-0430_1.png,B268579.png
00001-23-0430_1.png,B267136.png
00001-23-0430_2.png,B264780.png
00001-23-0430_2.png,B268579.png
00001-23-0430_2.png,B267136.png
00001-23-0431_1.png,B272786.png
00001-23-0432_1.png,B285312.png
00001-23-0433_1.png,B258421.png
00001-23-0433_1.png,B243238.png
00001-23-0433_2.png,B243238.png
00001-23-0433_2.png,B258421.png
00001-23-0433_3.png,B258421.png
00001-23-0433_3.png,B243238.png
00001-23-0434_1.png,B284527.png
00001-23-0437_1.png,B275827.png
00001-23-0437_2.png,B275827.png
00001-23-0439_1.png,B271735.png
00001-23-0440_1.png,B276902.png
00001-23-0440_1.png,B276902.png
00001-23-0441_1.png,B266116.png
00001-23-0442_3.png,B273591.png
00001-23-0444_1.png,B287234.png
00001-23-0446_1.png,B267176.png
00001-23-0446_2.png,B221489.png
00001-23-0446_2.png,B223873.png
00001-23-0446_2.png,B236532.png
00001-23-0447_1.png,B255039.png
00001-23-0447_1.png,B255197.png
00001-23-0449_2.png,B258957.png
00001-23-0450_1.png,B286073.png
00001-23-0450_3.png,B286073.png
00001-23-0450_4.png,B286073.png
00001-23-0450_5.png,B286073.png
00001-23-0452_1.png,B284710.png
00001-23-0453_1.png,B273591.png
00001-23-0456_1.png,B265677.png
00001-23-0456_1.png,B241635.png
00001-23-0456_1.png,B247995.png
00001-23-0456_1.png,B252798.png
00001-23-0456_1.png,B256287.png
00001-23-0457_1.png,B265677.png
00001-23-0457_1.png,B256287.png
00001-23-0457_1.png,B252798.png
00001-23-0457_1.png,B247995.png
00001-23-0457_1.png,B241635.png
00001-23-0459_1.png,B264567.png
00001-23-0459_2.png,B264567.png
00001-23-0459_3.png,B264567.png
00001-23-0460_1.png,B271735.png
00001-23-0461_1.png,B241635.png
00001-23-0461_1.png,B247995.png
00001-23-0461_1.png,B252798.png
00001-23-0461_1.png,B256287.png
00001-23-0462_1.png,B280844.png
00001-23-0463_1.png,B275827.png
00001-23-0464_1.png,B252405.png
00001-23-0465_1.png,B283183.png
23-465 대전경찰청2.png,B283183.png
00001-23-0467_1.png,B240479.png
00001-23-0467_1.png,B243957.png
00001-23-0467_1.png,B248145.png
00001-23-0468_1.png,B284551.png
00001-23-0468_2.png,B284551.png
00001-23-0470_1.png,B282907.png
00001-23-0471_1.png,B247354.png
00001-23-0471_1.png,B261530.png
00001-23-0471_2.png,B261530.png
00001-23-0471_2.png,B247354.png
00001-23-0472_1.png,B241635.png
00001-23-0472_1.png,B247995.png
00001-23-0472_1.png,B252798.png
00001-23-0472_1.png,B256287.png
00001-23-0472_1.png,B265677.png
00001-23-0473_1.png,B269256.png
00001-23-0473_2.png,B251162.png
00001-23-0473_2.png,B273075.png
00001-23-0475_1.png,B287854.png
00001-23-0476_1.png,B284551.png
00001-23-0476_1.png,B283220.png
00001-23-0476_1.png,B216933.png
00001-23-0477_1.png,B275827.png
00001-23-0477_2.png,B275827.png
00001-23-0479_1.png,B273591.png
00001-23-0480_1.png,B270763.png
00001-23-0482_1.png,B273591.png
00001-23-0482_2.png,B273591.png
00001-23-0483_1.png,B277597.png
00001-23-0484_1.png,B215428.png
00001-23-0487_1.png,B279572.png
00001-23-0488_1.png,B251399.png
00001-23-0490_1.png,B251399.png
00001-23-0491_1.png,B265156.png
00001-23-0492_1.png,B231055.png
23-493 대구경찰청2.png,B286002.png
00001-23-0494_1.png,B248280.png
00001-23-0495_1.png,B272608.png
00001-23-0496_2.png,B274158.png
00001-23-0498_1.png,B284588.png
00001-23-0499_1.png,B277737.png
23-501 경남경찰청1-3.png,B284333.png
00001-23-0502_1.png,B284710.png
00001-23-0502_1.png,B224542.png
00001-23-0502_1.png,B263964.png
00001-23-0502_1.png,B275129.png
00001-23-0504_1.png,B271968.png
00001-23-0506_1.png,B245663.png
00001-23-0507_1.png,B248280.png
00001-23-0507_1.png,B270102.png
00001-23-0507_1.png,B272508.png
00001-23-0508_1.png,B274951.png
00001-23-0510_1.png,B282759.png
00001-23-0510_2.png,B282759.png
00001-23-0519_1.png,B287854.png
00001-23-0519_2.png,B284710.png
00001-23-0519_2.png,B263964.png
